Region,State,City,Main Tourist Attraction,Time needed to visit (hours),Google Review Rating,Entrance Fee (INR),Type of Attractions,DSLR Allowed,Best Time to visit,Best Time (Months),Nearest Airport,Number of Google Reviews,Dish Name,Veg or Non Veg,Type of Dish,Course
South,Andaman and Nicobar Islands,Neil Island,Bharatpur Beach,1.0,4.5,0.0,Nature,Yes,Morning,Oct–Mar,Veer Savarkar International Airport (IXZ),4000,Prawn Masala,Non Veg,Spiced Seafood Curry,Main Course
South,Andaman and Nicobar Islands,Havelock Island,Radhanagar Beach,1.0,4.8,0.0,Nature,Yes,Morning,Oct–Mar,Veer Savarkar International Airport (IXZ),9000,Crab Meat Curry,Non Veg,Curry,Main Course
South,Andaman and Nicobar Islands,Port Blair,Cellular Jail,1.5,4.7,30.0,Historical,Yes,Afternoon,Oct–Mar,Veer Savarkar International Airport (IXZ),12000,Grilled Lobster,Non Veg,Seafood Grill,Main Course
South,Andaman and Nicobar Islands,Baratang Island,Limestone Caves,1.5,4.4,250.0,Nature,Yes,Morning,Oct–Mar,Veer Savarkar International Airport (IXZ),1500,Coconut Fish Curry,Non Veg,Fish Curry (Coconut base),Main Course
South,Andhra Pradesh,Kurnool,Belum Caves,1.5,4.4,65.0,Natural Wonder,Yes,Afternoon,Nov–Feb,Visakhapatnam Airport (VTZ),11000,Punugulu,Veg,Fried Snack,Snack
South,Andhra Pradesh,Rajahmundry,Papikondalu,2.0,4.3,0.0,Nature,Yes,All,Nov–Feb,Visakhapatnam Airport (VTZ),3200,Ulavacharu (Horse Gram Stew),Veg,Stew,Main Course
South,Andhra Pradesh,Srisailam,Mallikarjuna Swamy Temple,1.0,4.7,0.0,Religious,No,All,Nov–Feb,Visakhapatnam Airport (VTZ),49000,Bobbatlu / Puran Poli (Andhra Style),Veg,Sweet Flatbread,Dessert
South,Andhra Pradesh,Visakhapatnam,Rishikonda Beach,1.5,4.5,0.0,Recreational,Yes,Morning,Nov–Feb,Visakhapatnam Airport (VTZ),39000,Gutti Vankaya Kura,Veg,Stuffed Eggplant Curry,Main Course
South,Andhra Pradesh,Kadapa,Gandikota Fort,1.5,4.5,0.0,Historical,Yes,Morning,Nov–Feb,Visakhapatnam Airport (VTZ),1500,Kaja (Andhra Sweet),Veg,Sweet,Dessert
South,Andhra Pradesh,Guntur,Uppalapadu Bird Sanctuary,1.0,4.4,10.0,Wildlife,Yes,All,Nov–Feb,Visakhapatnam Airport (VTZ),70000,Jonna Roti,Veg,Sorghum Flatbread,Main Course
South,Andhra Pradesh,Vijayawada,Kanaka Durga Temple,1.0,4.7,0.0,Religious,No,All,Nov–Feb,Vijayawada International Airport (VGA),44000,Pulihora (Tamarind Rice),Veg,Rice Dish,Main Course
South,Andhra Pradesh,Amravati,Amaravathi Temple,1.0,4.7,0.0,Religious,No,All,Nov–Feb,Visakhapatnam Airport (VTZ),4100,Sajja Roti,Veg,Millet Flatbread,Main Course
South,Andhra Pradesh,Visakhapatnam,Matsyadarshini Aquarium,1.0,3.8,20.0,Recreational,Yes,All,Nov–Feb,Visakhapatnam Airport (VTZ),3000,Naatu Kodi Pulusu,Non Veg,Country Chicken Curry,Main Course
South,Andhra Pradesh,Visakhapatnam,Visakha Museum,1.0,4.3,10.0,Cultural,Yes,All,Nov–Feb,Visakhapatnam Airport (VTZ),6500,Pootharekulu,Veg,Paper Sweet,Dessert
South,Andhra Pradesh,Visakhapatnam,War Memorial,1.0,4.6,0.0,Historical,Yes,All,Nov–Feb,Visakhapatnam Airport (VTZ),5900,Royyala Iguru,Non Veg,Prawn Masala,Main Course
South,Andhra Pradesh,Visakhapatnam,Borra Caves,2.0,4.5,60.0,Natural Wonder,Yes,Afternoon,Nov–Feb,Visakhapatnam Airport (VTZ),31000,Rasam (Andhra Charu),Veg,Soup,Starter
South,Andhra Pradesh,Visakhapatnam,Submarine Museum,1.0,4.6,40.0,Historical,Yes,All,Nov–Feb,Visakhapatnam Airport (VTZ),49000,Gongura Pachadi,Veg,Pickle/Chutney,Side
South,Andhra Pradesh,Visakhapatnam,Kailasagiri,2.0,4.5,0.0,Recreational,Yes,All,Nov–Feb,Visakhapatnam Airport (VTZ),1900,Pesarattu Upma,Veg,Dosa + Upma Combo,Breakfast
South,Andhra Pradesh,Vizianagaram,Simhachalam Temple,1.0,4.7,0.0,Religious,No,All,Nov–Feb,Visakhapatnam Airport (VTZ),59000,Bongu Chicken (Bamboo Chicken),Non Veg,Roast,Main Course
South,Andhra Pradesh,Puttaparthi,Prasanthi Nilayam,1.0,4.7,0.0,Religious,Yes,All,Nov–Feb,Visakhapatnam Airport (VTZ),12000,Ariselu,Veg,Rice Sweet,Dessert
South,Andhra Pradesh,Anantapur,Lepakshi,1.5,4.6,0.0,Historical,Yes,All,Nov–Feb,Visakhapatnam Airport (VTZ),7500,Gongura Mutton,Non Veg,Mutton Curry,Main Course
South,Andhra Pradesh,Visakhapatnam,Indira Gandhi Zoological Park,2.0,4.1,20.0,Wildlife,Yes,Afternoon,Nov–Feb,Visakhapatnam Airport (VTZ),25000,Chepa Pulusu,Non Veg,Fish Curry,Main Course
North Eastern,Arunachal Pradesh,Tawang,Tawang Monastery,2.0,4.7,0.0,Religious,No,Morning,"Mar–Jun, Oct–Dec",Donyi Polo Airport (HGI),3200,Thenthuk,Veg/Non Veg,Pulled Noodles,Main Course
North Eastern,Assam,Guwahati,Pobitora Wildlife Sanctuary,2.0,4.4,500.0,Wildlife,Yes,All,Nov–Apr,Lokpriya Gopinath Bordoloi International Airport (GAU),3700,Duck with Kumura,Non Veg,Duck Curry,Main Course
North Eastern,Assam,Majuli,Majuli Island,2.0,4.7,0.0,Cultural,Yes,Morning,Nov–Apr,Lokpriya Gopinath Bordoloi International Airport (GAU),1000,Ou Tenga Dal,Veg,Sour Lentil,Main Course
North Eastern,Assam,Guwahati,Umananda Island,1.0,4.1,0.0,Nature,Yes,Morning,Nov–Apr,Lokpriya Gopinath Bordoloi International Airport (GAU),1000,Khar,Veg,Alkaline Veg Curry,Main Course
North Eastern,Assam,Sivasagar,Sivasagar Sivadol,1.0,4.7,0.0,Historical,Yes,All,Nov–Apr,Lokpriya Gopinath Bordoloi International Airport (GAU),6500,Pitha (Til Pitha),Veg,Rice Cake Sweet,Dessert
North Eastern,Assam,Hajo,Hayagriva Madhava Temple,1.0,4.5,0.0,Religious,Yes,All,Nov–Apr,Lokpriya Gopinath Bordoloi International Airport (GAU),90000,Jolpan,Veg,Sweet,Breakfast/Refreshment
North Eastern,Assam,Kaziranga,Kaziranga National Park,3.0,4.5,650.0,Wildlife,No,Morning,Nov–Apr,Lokpriya Gopinath Bordoloi International Airport (GAU),6800,Aloo Pitika,Veg,Mashed Potato,Side
North Eastern,Assam,Guwahati,Kamakhya Temple,2.0,4.6,0.0,Religious,No,All,Nov–Apr,Lokpriya Gopinath Bordoloi International Airport (GAU),21000,Masor Tenga,Non Veg,Fish Curry (Sour),Main Course
North Eastern,Assam,Manas,Manas National Park,3.0,4.6,500.0,Wildlife,Yes,Morning,Nov–Apr,Lokpriya Gopinath Bordoloi International Airport (GAU),19000,Smoked Pork with Bamboo Shoot,Non Veg,Pork Curry,Main Course
East,Bihar,Bodh Gaya,Mahabodhi Temple,1.5,4.7,0.0,Religious,Yes,All,Oct–Mar,Jay Prakash Narayan Airport (PAT),20000,Litti Chokha,Veg,Stuffed Wheat Ball + Mash,Main Course
East,Bihar,Patna,Takhat Shri Harimandir Ji Patna Sahib,1.0,4.7,0.0,Religious,Yes,All,Oct–Mar,Jay Prakash Narayan Airport (PAT),25000,Sattu Paratha,Veg,Stuffed Paratha,Main Course
East,Bihar,Patna,Budhha Smriti Park,1.0,4.4,10.0,Cultural,Yes,All,Oct–Mar,Jay Prakash Narayan Airport (PAT),31000,Thekua,Veg,Fried Cookie,Dessert
East,Bihar,Patna,Sanjay Gandhi Biological Park,2.5,4.3,30.0,Wildlife,Yes,All,Oct–Mar,Jay Prakash Narayan Airport (PAT),50000,Khaja,Veg,Layered Sweet,Dessert
Central,Chhattisgarh,Bastar,Chitrakote Falls,1.5,4.6,0.0,Nature,Yes,Morning,Oct–Mar,Swami Vivekananda Airport (RPR),19000,Masala Dosa,Veg,"Crispy, Savory",Breakfast/Main
West,Daman and Diu,Diu,Diu Fort,1.5,4.6,0.0,Historical,Yes,Afternoon,Oct–Mar,Diu Airport (DIU),120000,Ubadiyu,Veg,"Smoky, Spicy",Main Course
West,Daman and Diu,Diu,Naida Caves,1.0,4.5,0.0,Nature,Yes,Afternoon,Oct–Mar,Diu Airport (DIU),60000,Patra Ni Macchi,Non Veg,Mild Spicy,Main Course
North,Delhi,Delhi,India Gate,0.5,4.6,0.0,Historical,Yes,Evening,Oct–Mar,Indira Gandhi International Airport (DEL),260000,Chole Bhature,Veg,Spicy Chickpeas + Fried Bread,Main Course
North,Delhi,New Delhi,Gurudwara Bangla Sahib,1.0,4.8,0.0,Religious,Yes,All,Oct–Mar,Indira Gandhi International Airport (DEL),105000,Aloo Tikki Chaat,Veg,Street Snack,Snack
North,Delhi,Delhi,Humayun's Tomb,2.0,4.5,30.0,Historical,Yes,Afternoon,Oct–Mar,Indira Gandhi International Airport (DEL),40000,Butter Chicken,Non Veg,Creamy Curry,Main Course
North,Delhi,Delhi,Akshardham Temple,5.0,4.6,60.0,Religious,No,Afternoon,Oct–Mar,Indira Gandhi International Airport (DEL),40000,Daulat ki Chaat,Veg,Foamy Milk Dessert,Dessert
North,Delhi,Delhi,Waste to Wonder Park,2.0,4.1,50.0,Environmental,Yes,Evening,Oct–Mar,Indira Gandhi International Airport (DEL),27000,Nihari,Non Veg,Slow-cooked Meat Stew,Main Course
North,Delhi,Delhi,Jantar Mantar,2.0,4.2,15.0,Scientific,Yes,Morning,Oct–Mar,Indira Gandhi International Airport (DEL),31000,Kulfi Falooda,Veg,Frozen Dessert + Vermicelli,Dessert
North,Delhi,Delhi,Chandni Chowk,3.0,4.2,0.0,Market,Yes,Afternoon,Oct–Mar,Indira Gandhi International Airport (DEL),25000,Parathe (Paranthe Wali Gali),Veg,Stuffed Flatbread,Breakfast
North,Delhi,Delhi,Lotus Temple,1.0,4.5,0.0,Religious,Yes,Evening,Oct–Mar,Indira Gandhi International Airport (DEL),59000,Kebabs (Seekh/Reshmi),Non Veg,Grilled Meat,Snack
North,Delhi,Delhi,Red Fort,2.0,4.5,35.0,Historical,Yes,Afternoon,Oct–Mar,Indira Gandhi International Airport (DEL),150000,Gol Gappe / Pani Puri,Veg,Street Snack,Snack
North,Delhi,Delhi,Sunder Nursery,2.0,4.6,0.0,Botanical,Yes,Afternoon,Oct–Mar,Indira Gandhi International Airport (DEL),16000,Bedmi Puri with Aloo,Veg,Breakfast Combo,Breakfast
North,Delhi,Delhi,Agrasen ki Baoli,1.0,4.2,0.0,Historical,Yes,Afternoon,Oct–Mar,Indira Gandhi International Airport (DEL),41000,Rabri Jalebi,Veg,Sweet,Dessert
North,Delhi,Delhi,Lodhi Garden,1.0,4.5,0.0,Botanical,Yes,All,Oct–Mar,Indira Gandhi International Airport (DEL),48000,Keema Mutter,Non Veg,Minced Meat Curry,Main Course
North,Delhi,Delhi,National Gallery of Modern Art,3.0,4.5,20.0,Artistic,Yes,All,Oct–Mar,Indira Gandhi International Airport (DEL),8000,Karim's Mutton Korma,Non Veg,Mutton Curry,Main Course
North,Delhi,Delhi,National Zoological Park ,3.0,4.1,80.0,Environmental,Yes,All,Oct–Mar,Indira Gandhi International Airport (DEL),41000,Chandni Chowk Kulcha,Veg,Bread + Chole,Main Course
North,Delhi,Delhi,Qutub Minar,1.0,4.5,35.0,Historical,Yes,Afternoon,Oct–Mar,Indira Gandhi International Airport (DEL),137000,Kadai Paneer,Veg,Paneer Curry,Main Course
North,Delhi,Delhi,National Science Centre,5.0,4.4,70.0,Scientific,Yes,All,Oct–Mar,Indira Gandhi International Airport (DEL),23000,Rajma Chawal,Veg,Beans + Rice,Main Course
North,Delhi,New Delhi,Rail Museum,2.0,4.4,50.0,Cultural,Yes,Morning,Oct–Mar,Indira Gandhi International Airport (DEL),24000,Kachori Sabzi,Veg,Snack + Curry,Breakfast
North,Delhi,New Delhi,Jama Masjid,1.0,4.5,0.0,Historical,Yes,All,Oct–Mar,Indira Gandhi International Airport (DEL),49000,Samosa,Veg,Fried Snack,Snack
North,Delhi,Delhi,Garden of Five Senses,2.0,4.1,35.0,Botanical,Yes,Morning,Oct–Mar,Indira Gandhi International Airport (DEL),23000,Moth Kachori,Veg,Snack,Snack
South,Goa,Goa,Miramar Beach,1.5,4.2,0.0,Scenic,Yes,Evening,Nov–Feb,Manohar International Airport (GOX),30000,Ambot Tik,Non Veg,Sour Spicy Curry,Main Course
South,Goa,Goa,Dr. Salim Ali Bird Santuary,2.0,3.9,10.0,Wildlife,Yes,Afternoon,Nov–Feb,Manohar International Airport (GOX),3000,Sannas,Veg,Steamed Rice Cake,Side
South,Goa,Goa,Aguada Beach,2.0,4.5,0.0,Scenic,Yes,Evening,Nov–Feb,Manohar International Airport (GOX),1000,Goan Red Rice,Veg,Staple,Side
South,Goa,Goa,Colva Beach,2.0,4.3,0.0,Scenic,Yes,Evening,Nov–Feb,Manohar International Airport (GOX),10000,Caldeen,Non Veg,Mild Coconut Curry,Main Course
South,Goa,Goa,Calangute Beach,2.0,4.4,0.0,Scenic,Yes,Evening,Nov–Feb,Manohar International Airport (GOX),26000,Pork Vindaloo,Non Veg,Curry,Main Course
South,Goa,Goa,Arambol Beach,2.0,4.6,0.0,Scenic,Yes,Evening,Nov–Feb,Manohar International Airport (GOX),10000,Ros Omelette,Non Veg,Street Snack,Snack
South,Goa,Goa,Baga Beach,2.0,4.5,0.0,Scenic,Yes,Evening,Nov–Feb,Manohar International Airport (GOX),35000,Bebinca,Veg,Dessert,Dessert
South,Goa,Goa,Se Cathedral,1.0,4.5,0.0,Historical,Yes,Afternoon,Nov–Feb,Manohar International Airport (GOX),5000,Sorpotel,Non Veg,Pork Curry,Main Course
South,Goa,Goa,Chapora Fort,1.0,4.2,0.0,Historical,Yes,Evening,Nov–Feb,Manohar International Airport (GOX),19000,Samarachi Kodi,Non Veg,Dry Shrimp Curry,Main Course
South,Goa,Goa,Palolem Beach,2.0,4.6,0.0,Scenic,Yes,Evening,Nov–Feb,Manohar International Airport (GOX),27000,Poi Bread with Chorizo Pao,Non Veg,Bread + Sausage,Snack
South,Goa,Goa,Basilica of Bom Jesus,1.0,4.5,0.0,Historical,Yes,Afternoon,Nov–Feb,Manohar International Airport (GOX),59000,Chicken Cafreal,Non Veg,Spicy Roast,Main Course
South,Goa,Goa,Fort Aguada,1.5,4.2,0.0,Historical,Yes,Morning,Nov–Feb,Manohar International Airport (GOX),95000,Prawn Balchao,Non Veg,Pickled Seafood Curry,Main Course
South,Goa,Goa,Dudhsagar Falls,3.0,4.6,500.0,Nature,Yes,Afternoon,Nov–Feb,Manohar International Airport (GOX),30000,Crab Xec Xec,Non Veg,Coconut Curry,Main Course
South,Goa,Goa,Anjuna Beach,2.0,4.4,0.0,Scenic,Yes,Evening,Nov–Feb,Manohar International Airport (GOX),18000,Goan Fish Curry,Non Veg,Fish Curry,Main Course
West,Gujarat,Gandhinagar,Akshardham,3.0,4.6,0.0,Religious,No,All,Oct–Mar,Sardar Vallabhbhai Patel International Airport (AMD),18000,Surti Locho,Veg,Steamed Snack,Snack
West,Gujarat,Ahmedabad,Kankaria Lake,3.0,4.5,10.0,Recreational,Yes,Afternoon,Oct–Mar,Sardar Vallabhbhai Patel International Airport (AMD),30000,Fafda Jalebi,Veg,Snack + Sweet,Snack
West,Gujarat,Ahmedabad,Manek Chowk,2.0,4.4,0.0,Food,Yes,Night,Oct–Mar,Sardar Vallabhbhai Patel International Airport (AMD),49000,Khandvi,Veg,Gram Flour Rolls,Snack
West,Gujarat,Ahmedabad,Sabarmati Riverfront,1.0,4.6,0.0,Recreational,Yes,Evening,Oct–Mar,Sardar Vallabhbhai Patel International Airport (AMD),10000,Thepla,Veg,Spiced Flatbread,Snack
West,Gujarat,Ahmedabad,Science City,7.0,4.4,500.0,Educational,Yes,All,Oct–Mar,Sardar Vallabhbhai Patel International Airport (AMD),11000,Handvo,Veg,Savoury Cake,Main Course
West,Gujarat,Kevadia,Statue of Unity,3.0,4.6,350.0,Historical,Yes,All,Oct–Mar,Sardar Vallabhbhai Patel International Airport (AMD),67000,Mohanthal,Veg,Sweet,Dessert
West,Gujarat,Rann of Kutch,Rann Utsav,3.0,4.9,7500.0,Cultural,Yes,Evening,Oct–Mar,Sardar Vallabhbhai Patel International Airport (AMD),10000,Patra (Alu Vadi),Veg,Colocasia Roll,Snack
West,Gujarat,Ahmedabad,Sabarmati Ashram,1.5,4.6,0.0,Historical,Yes,Morning,Oct–Mar,Sardar Vallabhbhai Patel International Airport (AMD),35000,Undhiyu,Veg,Mixed Veg Curry,Main Course
West,Gujarat,Somnath,Somnath Temple,2.0,4.8,0.0,Religious,No,Morning,Oct–Mar,Diu Airport (DIU),39000,Dabeli,Veg,Street Burger,Snack
West,Gujarat,Vadodara,Laxmi Vilas Palace,2.0,4.4,200.0,Historical,Yes,Afternoon,Oct–Mar,Vadodara Airport (BDQ),17000,Khichdi with Ghee,Veg,Rice + Lentils,Main Course
West,Gujarat,Bhuj,White Desert,2.5,4.6,0.0,Nature,Yes,Evening,Oct–Mar,Sardar Vallabhbhai Patel International Airport (AMD),12000,Gujarati Kadhi,Veg,Yoghurt Curry,Side
West,Gujarat,Junagadh,Gir National Park,3.0,4.5,3500.0,Wildlife,Yes,Morning,Oct–Mar,Sardar Vallabhbhai Patel International Airport (AMD),8000,Sev Tameta nu Shaak,Veg,Tomato Curry,Main Course
West,Gujarat,Dwarka,Dwarkadhish Temple,2.0,4.7,0.0,Religious,No,Evening,Oct–Mar,Jamnagar Airport (JGA),59000,Lilva Kachori,Veg,Stuffed Snack,Snack
West,Gujarat,Gandhinagar,Dandi Kutir,1.5,4.5,0.0,Historical,Yes,All,Oct–Mar,Sardar Vallabhbhai Patel International Airport (AMD),5000,Basundi,Veg,Milk Dessert,Dessert
North,Haryana,Gurugram,DLF CyberHub,2.0,4.7,0.0,Entertainment,Yes,Afternoon,Oct–Mar,Indira Gandhi International Airport (DEL),71000,Chole Kulche,Veg,Spicy,Snack/Main
North,Haryana,Gurugram,Ambience Mall,2.0,4.6,0.0,Shopping,Yes,Afternoon,Oct–Mar,Indira Gandhi International Airport (DEL),120000,Dahi Kebabs,Veg,"Creamy, Fried",Snack
North,Haryana,Gurugram,Kingdom of Dreams,3.0,4.4,1100.0,Entertainment,Yes,Afternoon,Oct–Mar,Indira Gandhi International Airport (DEL),30000,Chicken Tikka,Non Veg,"Tandoor, Spicy",Snack/Main
North,Himachal Pradesh,Kangra,Kangra Fort,2.0,4.4,150.0,Historical,Yes,All,"Mar–Jun, Sep–Oct",Kangra Airport (DHM),10000,Mittha,Veg,Sweet Rice,Dessert
North,Himachal Pradesh,dalhousie,Dalai Lama Temple,1.5,4.7,0.0,Religious,No,All,"Mar–Jun, Sep–Oct",Kangra Airport (DHM),15000,Chha Gosht,Non Veg,Mutton in Yoghurt Gravy,Main Course
North,Himachal Pradesh,Dalhousie,Khajjiar Lake,1.5,4.5,0.0,Nature,Yes,Morning,"Mar–Jun, Sep–Oct",Kangra Airport (DHM),10000,Madra,Veg,Chickpea Curry,Main Course
North,Himachal Pradesh,Spiti Valley,Key Monastery,1.0,4.8,0.0,Religious,Yes,Morning,"Mar–Jun, Sep–Oct",Kangra Airport (DHM),2500,Babru,Veg,Stuffed Flatbread,Snack
North,Himachal Pradesh,Kullu,Great Himalayan National Park,3.0,4.5,50.0,Wildlife,Yes,All,"Mar–Jun, Sep–Oct",Kangra Airport (DHM),20000,Auriya Kaddu,Veg,Pumpkin Curry,Main Course
North,Himachal Pradesh,Chamba,Chamera Lake,2.0,4.4,0.0,Recreational,Yes,Morning,"Mar–Jun, Sep–Oct",Kangra Airport (DHM),1000,Aktori,Veg,Buckwheat Pancake,Breakfast
North,Himachal Pradesh,Kinnaur,Sangla Valley,2.0,4.5,0.0,Nature,Yes,Morning,"Mar–Jun, Sep–Oct",Kangra Airport (DHM),1000,Bhey (Lotus Stem Curry),Veg,Curry,Main Course
North,Himachal Pradesh,Palampur,Tea Gardens,1.5,4.6,0.0,Agricultural,Yes,Morning,"Mar–Jun, Sep–Oct",Kangra Airport (DHM),1500,Sepu Vadi,Veg,Lentil Dumplings Curry,Main Course
North,Himachal Pradesh,Manali,Solang Valley,2.0,4.1,0.0,Adventure,Yes,Morning,"Mar–Jun, Sep–Oct",Kangra Airport (DHM),5000,Siddu,Veg,Steamed Wheat Bun,Snack
North,Himachal Pradesh,Shimla,Mall Road,1–2,4.6,0.0,Pedestrian shopping promenade,Yes,Evening,"Mar–Jun, Sep–Nov",Shimla Airport (Jubbarhatti) (SLV),3000,Chha Meat,Non Veg,Yoghurt Mutton,Main Course
North,Himachal Pradesh,McLeod Ganj,Triund Trek,5.0,4.8,0.0,Adventure,Yes,Morning,"Mar–Jun, Sep–Oct",Kangra Airport (DHM),1000,Anardana Chutney,Veg,Chutney,Side
North,Himachal Pradesh,Manikaran,Manikaran Sahib,1.0,4.6,0.0,Religious,Yes,Morning,"Mar–Jun, Sep–Oct",Kangra Airport (DHM),130000,Chamba Style Rajma,Veg,Rajma Curry,Main Course
North,Himachal Pradesh,Narkanda,Hatu Peak,2.0,4.5,0.0,Nature,Yes,All,"Mar–Jun, Sep–Oct",Kangra Airport (DHM),110000,Tudkiya Bhath,Veg,Spiced Rice,Main Course
North,Himachal Pradesh,Barot,Barot Valley,2.0,4.7,0.0,Nature,Yes,Morning,"Mar–Jun, Sep–Oct",Kangra Airport (DHM),120000,Gahat (Kulath) Soup,Veg,Soup,Starter
North,Himachal Pradesh,Shoja,Serolsar Lake,2.5,4.4,0.0,Nature,Yes,Morning,"Mar–Jun, Sep–Oct",Kangra Airport (DHM),90000,Patande,Veg,Crepe,Breakfast
North,Himachal Pradesh,Kufri,Kufri Fun World,5.0,3.8,1500.0,Recreational,Yes,All,"Mar–Jun, Sep–Oct",Kangra Airport (DHM),10000,Luchi with Chana,Veg,Bread + Curry,Breakfast
North,Himachal Pradesh,Mandi,Prashar Lake,1.5,4.6,0.0,Nature,Yes,Morning,"Mar–Jun, Sep–Oct",Kangra Airport (DHM),1000,Kullu Trout,Non Veg,Fish,Main Course
North,Himachal Pradesh,Shimla,The Ridge,1.0,4.7,0.0,Recreational,Yes,Morning,"Mar–Jun, Sep–Oct",Kangra Airport (DHM),3000,Dham (Festival Thali),Veg,Traditional Thali,Main Course
North,Himachal Pradesh,Bir Billing,Paragliding Site,2.0,4.8,2500.0,Adventure,Yes,All,"Mar–Jun, Sep–Oct",Kangra Airport (DHM),1000,Chana Madra,Veg,Chickpea Curry,Main Course
North,Jammu and Kashmir,Pahalgam,Betaab Valley,2.0,4.6,100.0,Nature,Yes,All,"Apr–Jun, Sep–Oct",Sheikh ul-Alam International Airport (SXR),11000,Rogan Josh,Non Veg,Kashmiri Specialty,Main Course
North,Jammu and Kashmir,Srinagar,Dal Lake,2.0,4.6,0.0,Nature,Yes,Morning,"Apr–Jun, Sep–Oct",Sheikh ul-Alam International Airport (SXR),15000,Rogan Josh (Wazwan),Non Veg,Kashmiri Specialty,Main Course
North,Jammu and Kashmir,Jammu,Vaishno Devi,5.0,4.7,0.0,Religious,No,All,"Mar–Jun, Sep–Oct",Jammu Airport (IXJ),55000,Kaladi Kulcha,Veg,Local Cheese,Snack
North,Jammu and Kashmir,Udhampur,Patnitop Height,2.0,4.1,0.0,Recreational,Yes,All,"Apr–Jun, Sep–Oct",Sheikh ul-Alam International Airport (SXR),1000,Kashmiri_Kahwa,Veg,Kashmiri Specialty,Drink
North,Jammu and Kashmir,Kishtwar,Kishtwar National Park,3.0,4.3,100.0,Wildlife,Yes,All,"Apr–Jun, Sep–Oct",Sheikh ul-Alam International Airport (SXR),1000,Rogan Josh — Special #3,Non Veg,Kashmiri Specialty,Main Course
North,Jammu and Kashmir,Anantnag,Amarnath Cave,6.0,4.5,0.0,Religious,Yes,All,"Apr–Jun, Sep–Oct",Sheikh ul-Alam International Airport (SXR),11000,Kashmiri Dum Aloo,Veg,Kashmiri Specialty,Main Course
East,Jharkhand,Ranchi,Pahari Mandir,1.0,4.6,0.0,Religious,Yes,All,Oct–Mar,Birsa Munda Airport (IXR),13000,Masala Dosa — Special #1,Veg,"Crispy, Savory",Breakfast/Main
East,Jharkhand,Deoghar,Baba Baidyanath Temple,1.0,4.7,0.0,Religious,Yes,All,Oct–Mar,Birsa Munda Airport (IXR),180000,Masala Dosa,Veg,"Crispy, Savory",Breakfast/Main
South,Karnataka,Bengaluru,Orion Mall,2.0,4.5,0.0,Shopping,Yes,All,Nov–Feb,Kempegowda International Airport (BLR),180000,Neer Dosa,Veg,Rice Crepe,Breakfast
South,Karnataka,Bangalore,Bangalore Palace,2.0,4.2,500.0,Historical,Yes,Morning,Nov–Feb,Kempegowda International Airport (BLR),90000,Bisi Bele Bath,Veg,Rice + Lentils,Main Course
South,Karnataka,Bangalore,Lalbagh Botanical Garden,1.5,4.4,20.0,Nature,Yes,Evening,Nov–Feb,Kempegowda International Airport (BLR),150000,Mysore Masala Dosa,Veg,Dosa,Breakfast
South,Karnataka,Bangalore,Cubbon Park,1.0,4.4,0.0,Nature,Yes,Morning,Nov–Feb,Kempegowda International Airport (BLR),132000,Ragi Mudde with Sambar,Veg,Millet Ball + Sambar,Main Course
South,Karnataka,Bangalore,Vidhana Soudha,0.5,4.6,0.0,Architectural,No,Morning,Nov–Feb,Kempegowda International Airport (BLR),80000,Udupi Sambar with Rice,Veg,Curry,Main Course
South,Karnataka,Bangalore,ISKCON Temple Bangalore,1.0,4.6,0.0,Religious,Yes,Evening,Nov–Feb,Kempegowda International Airport (BLR),113999,Mangalorean Fish Curry,Non Veg,Fish Curry,Main Course
South,Karnataka,Halebidu,Halebidu Hoysaleswara Temple,1.0,4.7,15.0,Religious,No,All,Nov–Feb,Kempegowda International Airport (BLR),11000,Uppittu (Upma),Veg,Breakfast,Breakfast
South,Karnataka,Bandipur,Bandipur National Park,3.0,4.4,300.0,Wildlife,Yes,Morning,Nov–Feb,Kempegowda International Airport (BLR),15000,Kotambari Vade,Veg,Fritter,Snack
South,Karnataka,Bijapur,Gol Gumbaz,1.5,4.5,20.0,Historical,Yes,All,Nov–Feb,Kempegowda International Airport (BLR),25000,Chitranna (Lemon Rice),Veg,Rice,Main Course
South,Karnataka,Murudeshwar,Murudeshwar Temple,1.0,4.7,0.0,Religious,No,All,Nov–Feb,Kempegowda International Airport (BLR),49000,Kane Rava Fry,Non Veg,Fish Fry,Snack
South,Karnataka,Mangalore,Panambur Beach,1.5,4.5,0.0,Recreational,Yes,All,Nov–Feb,Mangaluru International Airport (IXE),10000,Thatte Idli,Veg,Steamed Cake,Breakfast
South,Karnataka,Shivamogga,Jog Falls,1.5,4.6,30.0,Nature,Yes,Morning,Nov–Feb,Kempegowda International Airport (BLR),23000,Puliyogare,Veg,Tamarind Rice,Main Course
South,Karnataka,Badami,Badami Cave Temples,1.5,4.6,30.0,Religious,No,All,Nov–Feb,Kempegowda International Airport (BLR),20000,Kesari Bath,Veg,Sweet Semolina,Dessert
South,Karnataka,Chikmagalur,Mullayanagiri,3.0,4.5,0.0,Nature,Yes,All,Nov–Feb,Kempegowda International Airport (BLR),5000,Saaru (Rasam),Veg,Soup,Starter
South,Karnataka,Gokarna,Om Beach,2.0,4.5,0.0,Nature,Yes,All,Nov–Feb,Kempegowda International Airport (BLR),9000,Chicken Ghee Roast,Non Veg,Roast,Main Course
South,Karnataka,Coorg,Abbey Falls,1.0,4.1,0.0,Nature,Yes,Morning,Oct–Mar,Kannur International Airport (CNN),3000,Mysore Pak,Veg,Sweet,Dessert
South,Karnataka,Hampi,Hampi Archaeological Ruins,3.0,4.7,0.0,Historical,Yes,All,Oct–Mar,"Jindal Vijaynagar Airport, Toranagallu (VDY)",5000,Holige/Obbattu,Veg,Sweet Flatbread,Dessert
South,Karnataka,Mysore,Mysore Palace,2.0,4.6,50.0,Historical,Yes,All,Oct–Mar,Mysore Airport (MYQ),250000,Mangalore Buns,Veg,Fried Banana Puri,Snack
South,Kerala,Thekkady,Periyar National Park,3.0,4.3,50.0,Wildlife,Yes,All,Nov–Feb,Madurai International Airport (IXM),14000,Kappa and Meen Curry,Non Veg,Tapioca + Fish,Main Course
South,Kerala,Wayanad,Wayanad Wildlife Sanctuary,3.0,4.5,300.0,Wildlife,Yes,All,Nov–Feb,Cochin International Airport (COK),220000,Erissery,Veg,Pumpkin & Lentil,Main Course
South,Kerala,Kozhikode,Kozhikode Beach,1.5,3.9,0.0,Recreational,Yes,All,Nov–Feb,Cochin International Airport (COK),5900,Parippu Curry,Veg,Dal,Main Course
South,Kerala,Thiruvananthapuram,Padmanabhaswamy Temple,1.0,4.7,0.0,Religious,No,All,Nov–Feb,Trivandrum International Airport (TRV),46000,Idiyappam,Veg,String Hoppers,Breakfast
South,Kerala,Kovalam,Kovalam Beach,2.0,4.4,0.0,Recreational,Yes,All,Nov–Feb,Cochin International Airport (COK),68000,Unniyappam,Veg,Sweet Snack,Dessert
South,Kerala,Munnar,Munnar Tea Gardens,2.0,4.3,0.0,Nature,Yes,All,Oct–Mar,Cochin International Airport (COK),30000,Kerala Fish Curry,Non Veg,Fish Curry,Main Course
South,Kerala,Alappuzha,Alappuzha Beach,1.5,4.5,0.0,Recreational,Yes,All,Nov–Feb,Cochin International Airport (COK),11000,Appam with Stew,Veg,Rice Pancake + Veg Stew,Breakfast
South,Kerala,Kochi,LuLu International Shopping Mall,3.0,4.6,0.0,Shopping,Yes,All,Nov–Feb,Cochin International Airport (COK),190000,Karimeen Pollichathu,Non Veg,Pearl Spot in Banana Leaf,Main Course
South,Kerala,Varkala,Varkala Beach,2.0,4.6,0.0,Recreational,Yes,All,Nov–Feb,Cochin International Airport (COK),10000,Pazham Pori,Veg,Banana Fritter,Snack
South,Kerala,Kochi,Fort Kochi,1.0,4.4,0.0,Historical,Yes,All,Nov–Feb,Cochin International Airport (COK),10000,Puttu and Kadala Curry,Veg,Steamed Rice Cake + Chickpeas,Breakfast
South,Kerala,Bekal,Bekal Fort,1.5,4.5,20.0,Historical,Yes,All,Nov–Feb,Cochin International Airport (COK),22000,Ada Pradhaman,Veg,Payasam,Dessert
South,Kerala,Kannur,St. Angelo Fort,1.0,4.4,20.0,Historical,Yes,All,Nov–Feb,Cochin International Airport (COK),11000,Malabar Parotta with Beef/Chicken Curry,Non Veg,Bread + Curry,Main Course
South,Kerala,Kumarakom,Kumarakom Bird Sanctuary,2.0,3.8,50.0,Wildlife,Yes,All,Nov–Feb,Cochin International Airport (COK),10000,Nadan Beef Fry,Non Veg,Beef Fry,Main Course
South,Kerala,Nelliyampathy,Seethargundu Viewpoint,1.0,4.5,0.0,Nature,Yes,Morning,Nov–Feb,Cochin International Airport (COK),3000,Vegetable Stew,Veg,Coconut Milk Stew,Main Course
South,Kerala,Kochi,Kerala Folklore Museum,1.5,4.4,100.0,Cultural,Yes,All,Nov–Feb,Cochin International Airport (COK),10000,Avial,Veg,Mixed Veg Curry,Main Course
South,Kerala,Kochi,Wonderla Amusement Park,5.5,4.6,750.0,Entertainment,Yes,All,Nov–Feb,Cochin International Airport (COK),41000,Thalassery Biryani,Non Veg,Biryani,Main Course
North,Ladakh,Leh,Thiksey Monastery,1.5,4.7,20.0,Religious,No,All,Jun–Sep,Kushok Bakula Rimpochee Airport (IXL),5000,Momos,Veg/Non Veg,Steamed Dumplings,Snack
North,Ladakh,Nubra Valley,Nubra Valley,2.0,4.5,0.0,Nature,Yes,All,Jun–Sep,Kushok Bakula Rimpochee Airport (IXL),10000,Skyu,Veg/Non Veg,Pasta-like Stew,Main Course
North,Ladakh,Kargil,Kargil War Memorial,1.0,4.8,0.0,Historical,Yes,All,Jun–Sep,Kushok Bakula Rimpochee Airport (IXL),1100,Skyu — Special #1,Veg/Non Veg,Pasta-like Stew,Main Course
North,Ladakh,Leh,Pangong Tso,2.0,4.9,20.0,Nature,Yes,Morning,Jun–Sep,Kushok Bakula Rimpochee Airport (IXL),15000,Thukpa,Veg/Non Veg,Noodle Soup,Main Course
North,Ladakh,Diskit,Diskit Monastery,1.0,4.7,20.0,Religious,No,Morning,Jun–Sep,Kushok Bakula Rimpochee Airport (IXL),1500,Skyu — Special #2,Veg/Non Veg,Pasta-like Stew,Main Course
North,Ladakh,Hemis,Hemis National Park,4.0,4.4,20.0,Wildlife,Yes,All,Jun–Sep,Kushok Bakula Rimpochee Airport (IXL),2000,Skyu — Special #3,Veg/Non Veg,Pasta-like Stew,Main Course
North,Ladakh,Dras,Dras War Memorial,1.0,4.8,0.0,Historical,Yes,All,Jun–Sep,Kushok Bakula Rimpochee Airport (IXL),1200,Skyu — Special #4,Veg/Non Veg,Pasta-like Stew,Main Course
North,Ladakh,Leh,Magnetic Hill,0.5,3.7,0.0,Nature,Yes,All,Jun–Sep,Kushok Bakula Rimpochee Airport (IXL),10000,Jalebi,Veg,Sweet,Dessert
North,Ladakh,Leh,Khardung La Pass,1.0,4.5,0.0,Adventure,Yes,Afternoon,Jun–Sep,Kushok Bakula Rimpochee Airport (IXL),5000,Mutton Curry,Non Veg,Spicy,Main Course
Central,Madhya Pradesh,Bandhavgarh,Bandhavgarh National Park,3.0,4.5,50.0,Wildlife,Yes,Morning,Oct–Mar,Devi Ahilya Bai Holkar Airport (IDR),5000,Jalebi (Hot),Veg,Sweet,Dessert
Central,Madhya Pradesh,Bhopal,Madhya Pradesh Tribal Museum,2.0,4.7,10.0,Cultural,Yes,All,Oct–Mar,Raja Bhoj Airport (BHO),15000,Bhutte Ka Kees,Veg,Grated Corn Snack,Snack
Central,Madhya Pradesh,Orchha,Orchha Fort,1.5,4.8,10.0,Historical,Yes,Afternoon,Oct–Mar,Devi Ahilya Bai Holkar Airport (IDR),10000,Indori Namkeen Mix,Veg,Snack,Snack
Central,Madhya Pradesh,Jabalpur,Dhuandhar Falls,1.0,4.5,0.0,Nature,Yes,Morning,Oct–Mar,Devi Ahilya Bai Holkar Airport (IDR),1000,Rogan Josh (Indore style),Non Veg,Mutton Curry,Main Course
Central,Madhya Pradesh,Mandu,Jahaz Mahal,1.0,3.9,50.0,Historical,Yes,Afternoon,Oct–Mar,Devi Ahilya Bai Holkar Airport (IDR),3000,Bafla with Ghee,Veg,Bread Dish,Main Course
Central,Madhya Pradesh,Bhimbetka,Bhimbetka Rock Shelters,2.0,4.6,25.0,Archaeological,Yes,Afternoon,Oct–Mar,Devi Ahilya Bai Holkar Airport (IDR),7000,Chicken Rezala (Bhopal),Non Veg,Chicken Curry,Main Course
Central,Madhya Pradesh,Amarkantak,Narmada Udgam Temple,1.0,4.4,0.0,Religious,Yes,All,Oct–Mar,Devi Ahilya Bai Holkar Airport (IDR),1000,Gajak,Veg,Sweet,Dessert
Central,Madhya Pradesh,Chitrakoot,Chitrakoot Falls,1.5,4.4,0.0,Nature,Yes,Morning,Oct–Mar,Devi Ahilya Bai Holkar Airport (IDR),10000,Khopra Patties,Veg,Coconut Cutlets,Snack
Central,Madhya Pradesh,Kanha,Kanha National Park,3.0,4.5,100.0,Wildlife,Yes,Morning,Oct–Mar,Devi Ahilya Bai Holkar Airport (IDR),10000,Mawa Bati,Veg,Sweet,Dessert
Central,Madhya Pradesh,Pachmarhi,Bee Falls,1.5,4.6,15.0,Nature,Yes,Morning,Oct–Mar,Devi Ahilya Bai Holkar Airport (IDR),6500,Shikanji (Indore sweet drink),Veg,Drink/Dessert,Dessert
Central,Madhya Pradesh,Bhopal,Sanchi Stupa,1.5,4.7,30.0,Historical,Yes,Afternoon,Oct–Mar,Raja Bhoj Airport (BHO),1000,Dal Bafla,Veg,Wheat Dumplings + Dal,Main Course
Central,Madhya Pradesh,Indore,Rajwada Palace,1.0,4.4,10.0,Historical,Yes,Afternoon,Oct–Mar,Devi Ahilya Bai Holkar Airport (IDR),63000,Bhopali Gosht Korma,Non Veg,Mutton Curry,Main Course
Central,Madhya Pradesh,Khajuraho,Khajuraho Group of Monuments,2.0,4.7,40.0,Cultural,Yes,Afternoon,Oct–Mar,Devi Ahilya Bai Holkar Airport (IDR),9000,Poha-Jalebi,Veg,Breakfast Combo,Breakfast
Central,Madhya Pradesh,Ujjain,Mahakaleshwar Jyotirlinga,1.5,4.8,0.0,Religious,No,All,Oct–Mar,Devi Ahilya Bai Holkar Airport (IDR),120000,Sabudana Khichdi,Veg,Sago Khichdi,Main Course
Central,Madhya Pradesh,Gwalior,Gwalior Fort,2.5,4.5,75.0,Historical,Yes,Morning,Oct–Mar,Devi Ahilya Bai Holkar Airport (IDR),40000,Seekh Kebabs (Bhopal),Non Veg,Grilled Meat,Snack
West,Maharashtra,Nashik,Sula Vineyards,2.0,4.1,300.0,Recreational,Yes,Afternoon,Oct–Mar,Nashik Airport (ISK),10000,Chicken/Mutton Sukka,Non Veg,Dry Curry,Main Course
West,Maharashtra,Mumbai,Marine Drive,2.0,4.5,0.0,Scenic,Yes,Evening,Nov–Feb,Chhatrapati Shivaji Maharaj International Airport (BOM),150000,Misal Pav,Veg,Spicy Sprouts Curry + Bread,Breakfast
West,Maharashtra,Shirdi,Sai Baba Temple,1.5,4.7,0.0,Religious,No,All,Oct–Mar,Shirdi Airport (SAG),69000,Kombdi Vade,Non Veg,Chicken + Fried Bread,Main Course
West,Maharashtra,Pune,Shaniwar Wada,2.0,4.4,50.0,Historical,Yes,All,Nov–Feb,Pune International Airport (PNQ),120000,Thalipeeth,Veg,Multigrain Flatbread,Main Course
West,Maharashtra,Aurangabad,Ajanta Caves,3.0,4.6,30.0,Historical,Yes,Afternoon,Oct–Mar,Chhatrapati Sambhaji Nagar Airport (IXU),21000,Poha,Veg,Flattened Rice,Breakfast
West,Maharashtra,Alibaug,Alibaug Beach,1.5,4.2,0.0,Recreational,Yes,Evening,Nov–Feb,Chhatrapati Shivaji Maharaj International Airport (BOM),5000,Kanda Bhaji,Veg,Onion Fritters,Snack
West,Maharashtra,Ratnagiri,Ganapatipule Temple,1.0,4.7,0.0,Religious,No,All,Oct–Mar,Ratnagiri Airport (RTC),10000,Mutton Ukkad,Non Veg,Stew,Main Course
West,Maharashtra,Nagpur,Deekshabhoomi,1.0,4.5,0.0,Religious,Yes,Afternoon,Oct–Mar,Dr. Babasaheb Ambedkar International Airport (NAG),11000,Koliwada Prawns,Non Veg,Fried Prawns,Snack
West,Maharashtra,Mumbai,Gateway of India,1.0,4.6,0.0,Historical,Yes,All,Nov–Feb,Chhatrapati Shivaji Maharaj International Airport (BOM),360000,Vada Pav,Veg,Potato Fritter Bun,Snack
West,Maharashtra,Matheran,Echo Point,1.5,4.4,0.0,Nature,Yes,Morning,Nov–Feb,Chhatrapati Shivaji Maharaj International Airport (BOM),2000,Puran Poli,Veg,Sweet Flatbread,Dessert
West,Maharashtra,Mumbai,Chhatrapati Shivaji Maharaj Vastu Sangrahalaya,1.0,4.6,500.0,Historical,Yes,All,Nov–Feb,Chhatrapati Shivaji Maharaj International Airport (BOM),34000,Pandra Rassa (Kolhapuri),Non Veg,White Curry,Main Course
West,Maharashtra,Satara,Kaas Plateau,2.0,4.4,300.0,Nature,Yes,Afternoon,Nov–Feb,Chhatrapati Shivaji Maharaj International Airport (BOM),5000,Vada Pav,Veg,Potato Fritter Bun,Snack
West,Maharashtra,Mumbai,Sanjay Gandhi National Park,3.0,4.3,50.0,Wildlife,Yes,All,Nov–Feb,Chhatrapati Shivaji Maharaj International Airport (BOM),60000,Tambda Rassa (Kolhapuri),Non Veg,Red Curry,Main Course
West,Maharashtra,Mumbai,Siddhivinayak Temple,2.0,4.8,0.0,Religious,No,All,Nov–Feb,Chhatrapati Shivaji Maharaj International Airport (BOM),105000,Puran Poli,Veg,Sweet Flatbread,Dessert
West,Maharashtra,Ajanta,Ellora Caves,3.0,4.7,30.0,Historical,Yes,Afternoon,Oct–Mar,Chhatrapati Shivaji Maharaj International Airport (BOM),49000,Pav Bhaji,Veg,Mashed Veg Curry + Bread,Main Course
West,Maharashtra,Mumbai,Mahalaxmi Temple,1.0,4.7,0.0,Religious,No,All,Nov–Feb,Chhatrapati Shivaji Maharaj International Airport (BOM),33000,Bharli Vangi,Veg,Stuffed Brinjal,Main Course
West,Maharashtra,Mumbai,Essel World,5.0,4.3,1149.0,Recreational,Yes,All,Nov–Feb,Chhatrapati Shivaji Maharaj International Airport (BOM),27000,Pav Bhaji,Veg,Mashed Veg Curry + Bread,Main Course
West,Maharashtra,Mumbai,Elephanta Caves,4.0,4.3,550.0,Historical,Yes,All ,Nov–Feb,Chhatrapati Shivaji Maharaj International Airport (BOM),35000,Solkadhi,Veg,Coconut Kokum Drink,Drink
West,Maharashtra,Lonavala,Imagicaa,5.0,1.4,1149.0,Recreational,Yes,All,Nov–Feb,Pune International Airport (PNQ),95000,Modak,Veg,Sweet Dumpling,Dessert
West,Maharashtra,Tarkarli,Tarkarli Beach,2.0,4.6,0.0,Recreational,Yes,Evening,Nov–Feb,Chhatrapati Shivaji Maharaj International Airport (BOM),6500,Misal Pav,Veg,Spicy Sprouts Curry + Bread,Breakfast
West,Maharashtra,Lonavala,Karla Caves,1.5,4.4,25.0,Historical,Yes,Afternoon,Nov–Feb,Pune International Airport (PNQ),27000,Ragda Pattice,Veg,Street Snack,Snack
West,Maharashtra,Kolhapur,Mahalakshmi Temple,1.0,4.8,0.0,Religious,No,All,Oct–Mar,Chhatrapati Rajaram Maharaj Airport (KLH),90000,Shrikhand,Veg,Sweet,Dessert
West,Maharashtra,Mumbai,Haji Ali Dargah,2.0,4.4,0.0,Religious,No,All,Nov–Feb,Chhatrapati Shivaji Maharaj International Airport (BOM),16000,Sabudana Khichdi,Veg,Fasting Dish,Main Course
West,Maharashtra,Mumbai,Chowpatty Beach,2.0,4.3,0.0,Recreational,Yes,Evening,Nov–Feb,Chhatrapati Shivaji Maharaj International Airport (BOM),5000,Bombay Duck Fry (Bombil),Non Veg,Fish Fry,Snack
North Eastern,Meghalaya,Cherrapunji,Living Root Bridge,2.0,4.6,0.0,Nature,Yes,Morning,Oct–Apr,Shillong Airport (SHL),6000,Jadoh,Non Veg,Pork & Rice,Main Course
East,Meghalaya,Cherrapunji (Sohra),Nohkalikai Falls,1–2,4.7,20.0,Natural waterfall viewpoint,Yes,Morning-Noon,Jun–Sep,Shillong Airport (Umroi) (SHL),2000,Jadoh — Special #1,Non Veg,Pork & Rice,Main Course
North Eastern,Nagaland,Dzükou Valley,Dzükou Valley,3.0,4.7,0.0,Trekking,Yes,Afternoon,Oct–Apr,Dimapur Airport (DMU),1000,Smoked Pork with Bamboo Shoot,Non Veg,Smoky,Main Course
East,Odisha,Keonjhar,Badaghagara Waterfall,1.0,4.3,0.0,Nature,Yes,Morning,Nov–Feb,Biju Patnaik International Airport (BBI),1799,Arisa Pitha,Veg,Rice Cake,Dessert
East,Odisha,Rourkela,Khandadhar Waterfall,1.5,4.5,0.0,Nature,Yes,All,Nov–Feb,Biju Patnaik International Airport (BBI),120000,Machha Besara,Non Veg,Fish Curry (Mustard),Main Course
East,Odisha,Bhubaneswar,Lingaraj Temple,1.0,4.6,0.0,Religious,No,All,Nov–Feb,Biju Patnaik International Airport (BBI),35000,Chhena Poda,Veg,Baked Cottage Cheese Sweet,Dessert
East,Odisha,Konark,Sun Temple,1.5,4.7,40.0,Historical,Yes,All,Nov–Feb,Biju Patnaik International Airport (BBI),83000,Dalma,Veg,Lentil + Veg,Main Course
East,Odisha,Puri,Jagannath Temple,2.0,4.7,0.0,Religious,No,All,Nov–Feb,Biju Patnaik International Airport (BBI),100000,Pakhala Bhata,Veg,Fermented Rice,Main Course
East,Odisha,Chilika,Chilika Lake,2.0,3.9,0.0,Nature,Yes,Morning,Nov–Feb,Biju Patnaik International Airport (BBI),10000,Rasagola (Odisha),Veg,Sweet,Dessert
East,Odisha,Berhampur,Tara Tarini Temple,1.0,4.6,0.0,Religious,No,All,Nov–Feb,Biju Patnaik International Airport (BBI),1000,Manda Pitha,Veg,Steamed Dumpling,Dessert
East,Odisha,Balasore,Chandipur Beach,1.5,4.2,0.0,Recreational,Yes,Morning,Nov–Feb,Biju Patnaik International Airport (BBI),1400,Ghuguni,Veg,Pea Curry,Snack
East,Odisha,Kendujhar,Sanaghagara Waterfall,1.0,4.4,0.0,Nature,Yes,All,Nov–Feb,Biju Patnaik International Airport (BBI),5500,Chhena Jhili,Veg,Sweet,Dessert
East,Odisha,Cuttack,Barabati Fort,1.0,4.5,0.0,Historical,Yes,All,Nov–Feb,Biju Patnaik International Airport (BBI),13000,Chingudi Jhola,Non Veg,Prawn Curry,Main Course
East,Odisha,Sambalpur,Hirakud Dam,1.0,4.5,0.0,Engineering Marvel,Yes,All,Nov–Feb,Biju Patnaik International Airport (BBI),1000,Santula,Veg,Mixed Veg Curry,Main Course
East,Odisha,Bhubaneswar,Nandankanan Zoological Park,3.0,4.4,50.0,Wildlife,Yes,Afternoon,Nov–Feb,Biju Patnaik International Airport (BBI),81000,Dahi Baingan,Veg,Curd Eggplant,Main Course
South,Puducherry,Puducherry,Paradise Beach,1.0,4.5,200.0,Recreational,Yes,Morning,Nov–Feb,Pondicherry Airport (PNY),1500,Samosa,Veg,"Crispy, Savory",Snack
South,Puducherry,Auroville,Auroville,2.0,4.1,0.0,Cultural,Yes,All,Nov–Feb,Pondicherry Airport (PNY),3500,Masala Dosa,Veg,"Crispy, Savory",Breakfast/Main
South,Puducherry,Puducherry,Promenade Beach,1.0,4.5,0.0,Recreational,Yes,Morning,Nov–Feb,Pondicherry Airport (PNY),9000,Baguette Sandwiches (Franco-Tamil),Veg/Non Veg,Fusion,Snack
North,Punjab,Amritsar,Jallianwala Bagh,1.0,4.8,0.0,Historical,Yes,Afternoon,Oct–Mar,Sri Guru Ram Dass Jee International Airport (ATQ),30000,Chole Bhature (Punjabi style),Veg,Chickpeas + Bread,Main Course
North,Punjab,Chandigarh,Rock Garden,2.0,4.5,30.0,Artistic,Yes,All,Oct–Mar,Shaheed Bhagat Singh International Airport (IXC),50000,Butter Chicken (Punjabi),Non Veg,Chicken Curry,Main Course
North,Punjab,Amritsar,Wagah Border,2.0,4.8,0.0,Cultural,Yes,Evening,Oct–Mar,Sri Guru Ram Dass Jee International Airport (ATQ),17000,Amritsari Kulcha,Veg,Stuffed Bread,Main Course
North,Punjab,Amritsar,Golden Temple (Harmandir Sahib),1.5,4.9,0.0,Spiritual,Yes,All,Oct–Mar,Sri Guru Ram Dass Jee International Airport (ATQ),190000,Sarson da Saag & Makki di Roti,Veg,Leafy Curry + Corn Bread,Main Course
North,Rajasthan,Jaipur,Amber Fort,2.0,4.6,100.0,Historical,Yes,All,Oct–Mar,Jaipur International Airport (JAI),150000,Gatte ki Sabzi,Veg,Gram Dumpling Curry,Main Course
North,Rajasthan,Jaipur,Jaigarh Fort,1.5,4.5,35.0,Historical,Yes,All,Oct–Mar,Jaipur International Airport (JAI),30000,Laal Maas,Non Veg,Spicy Mutton Curry,Main Course
North,Rajasthan,Bikaner,Junagarh Fort,2.0,4.5,50.0,Historical,Yes,All,Oct–Mar,"Nal Airport, Bikaner (BKB)",32000,Kadhi (Rajasthani),Veg,Yogurt Curry,Main Course
North,Rajasthan,Jaipur,Hawa Mahal,1.0,4.4,50.0,Architectural,Yes,Morning,Oct–Mar,Jaipur International Airport (JAI),130000,Dal Baati Churma,Veg,Bread + Lentil + Sweet,Main Course
North,Rajasthan,Udaipur,City Palace,2.0,4.4,300.0,Historical,Yes,All,Oct–Mar,Maharana Pratap Airport (UDR),51000,Mirchi Bada,Veg,Chilli Fritter,Snack
North,Rajasthan,Mount Abu,Dilwara Temples,1.0,4.6,0.0,Religious,No,All,Oct–Mar,Maharana Pratap Airport (UDR),5000,Bikaneri Bhujia,Veg,Snack,Snack
North,Rajasthan,Jaisalmer,Jaisalmer Fort,2.5,4.4,50.0,Historical,Yes,All,Oct–Mar,Jaisalmer Airport (JSA),56000,Bajre ki Roti & Lehsun Chutney,Veg,Bread + Chutney,Main Course
North,Rajasthan,Jodhpur,Mehrangarh Fort,2.0,4.6,100.0,Historical,Yes,All,Oct–Mar,Jodhpur Airport (JDH),64000,Jungli Maas,Non Veg,Game Curry,Main Course
North,Rajasthan,Ajmer,Ajmer Sharif Dargah,1.0,4.6,0.0,Religious,No,All,Oct–Mar,Kishangarh Airport (KQH),35000,Ghewar,Veg,Sweet,Dessert
North,Rajasthan,Sawai Madhopur,Ranthambore National Park,3.0,4.6,500.0,Wildlife,Yes,All,Nov–Apr,Jaipur International Airport (JAI),9000,Rabri (Dessert),Veg,Sweet,Dessert
North,Rajasthan,Chittorgarh,Chittorgarh Fort,2.0,4.6,40.0,Historical,Yes,All,Oct–Mar,Jaipur International Airport (JAI),190000,Moong Dal Halwa,Veg,Sweet,Dessert
North,Rajasthan,Pushkar,Pushkar Lake,1.5,4.4,0.0,Religious,Yes,All,Oct–Mar,Jaipur International Airport (JAI),160000,Kalmi Vada,Veg,Fritter,Snack
North,Rajasthan,Udaipur,Lake Pichola,1.0,4.6,0.0,Nature,Yes,All,Oct–Mar,Maharana Pratap Airport (UDR),50000,Mohan Maas,Non Veg,Rich Mutton Curry,Main Course
North,Rajasthan,Jaipur,Albert Hall Museum,2.0,4.5,200.0,Historical,Yes,All,Oct–Mar,Jaipur International Airport (JAI),63000,Pyaaz Kachori,Veg,Stuffed Snack,Snack
East,Sikkim,Namchi,Char Dham,2.0,4.7,50.0,Religious,No,All,"Mar–Jun, Oct–Dec",Pakyong Airport (PYG),12000,Momos — Special #2,Veg/Non Veg,Dumplings,Snack
East,Sikkim,Gangtok,Rumtek Monastery,1.0,4.6,10.0,Religious,No,Morning,"Mar–Jun, Oct–Dec",Pakyong Airport (PYG),3500,Momos,Veg/Non Veg,Dumplings,Snack
East,Sikkim,Ravangla,Buddha Park,1.0,4.8,50.0,Cultural,Yes,All,"Mar–Jun, Oct–Dec",Pakyong Airport (PYG),10000,Momos — Special #3,Veg/Non Veg,Dumplings,Snack
East,Sikkim,Gangtok,Baba Harbhajan Singh Temple,1.0,4.7,0.0,Religious,No,All,"Mar–Jun, Oct–Dec",Pakyong Airport (PYG),7500,Samosa,Veg,"Crispy, Savory",Snack
East,Sikkim,Gangtok,Tsomgo Lake,2.0,4.5,0.0,Nature,Yes,Morning,"Mar–Jun, Oct–Dec",Pakyong Airport (PYG),15000,Veg Thali,Veg,Varied,Main Course
East,Sikkim,Pelling,Pemayangtse Monastery,1.0,4.6,20.0,Religious,No,Morning,"Mar–Jun, Oct–Dec",Pakyong Airport (PYG),1500,Momos — Special #1,Veg/Non Veg,Dumplings,Snack
East,Sikkim,Gangtok,Nathula Pass,2.0,4.3,20.0,Historical,Yes,Afternoon,"Mar–Jun, Oct–Dec",Pakyong Airport (PYG),15000,Sel Roti & Aloo Dum,Veg,Nepali Snack,Snack/Breakfast
South,Tamil Nadu,Kanyakumari,Vivekananda Rock Memorial,1.0,4.6,20.0,Historical,No,Morning,Nov–Feb,Chennai International Airport (MAA),47000,Kothu Parotta,Non Veg,Shredded Parotta + Meat,Main Course
South,Tamil Nadu,Madurai,Meenakshi Amman Temple,2.0,4.7,0.0,Religious,No,All,Nov–Feb,Madurai International Airport (IXM),65000,Chettinad Chicken,Non Veg,Spicy Chicken Curry,Main Course
South,Tamil Nadu,Chennai,Marina Beach,1.5,3.9,0.0,Recreational,Yes,Morning,Nov–Feb,Chennai International Airport (MAA),10000,Kanchipuram Idli,Veg,Steamed Rice Cake,Breakfast
South,Tamil Nadu,Chidambaram,Nataraja Temple,1.0,4.7,0.0,Religious,No,All,Nov–Feb,Chennai International Airport (MAA),28000,Adhirasam,Veg,Sweet,Dessert
South,Tamil Nadu,Tirunelveli,Nellaiappar Temple,1.0,4.6,0.0,Religious,No,All,Nov–Feb,Chennai International Airport (MAA),16000,Rasam (Tomato),Veg,Soup,Starter
South,Tamil Nadu,Ooty,Ooty Lake,1.0,4.1,10.0,Recreational,Yes,Morning,Oct–Mar,Coimbatore International Airport (CJB),61000,Madurai Jigarthanda,Veg,Cold Dessert Drink,Dessert
South,Tamil Nadu,Mahabalipuram,Shore Temple,1.0,4.6,40.0,Historical,No,All,Nov–Feb,Chennai International Airport (MAA),9000,Mushroom Pepper Fry,Veg,Dry Fry,Snack
South,Tamil Nadu,Thanjavur,Brihadeeswarar Temple,1.5,4.8,0.0,Religious,No,All,Nov–Feb,Chennai International Airport (MAA),35000,Elai Sappadu,Veg,Banana Leaf Meal,Main Course
South,Tamil Nadu,Kodaikanal,Kodaikanal Lake,2.0,3.9,0.0,Recreational,Yes,Morning,Oct–Mar,Chennai International Airport (MAA),10000,Paruppu Urundai Kuzhambu,Veg,Lentil Dumpling Curry,Main Course
South,Tamil Nadu,Coimbatore,Marudamalai Temple,1.0,4.7,0.0,Religious,No,All,Nov–Feb,Coimbatore International Airport (CJB),30000,Filter Coffee,Veg,Beverage,Drink
South,Tamil Nadu,Yercaud,Yercaud Lake,1.0,4.2,0.0,Recreational,Yes,Morning,Nov–Feb,Chennai International Airport (MAA),1900,Chilli Parotta,Veg,Street Food,Main Course
South,Tamil Nadu,Rameswaram,Ramanathaswamy Temple,1.5,4.6,0.0,Religious,No,All,Nov–Feb,Chennai International Airport (MAA),1000,Pongal (Ven Pongal),Veg,Rice-Lentil Mash,Breakfast
South,Telangana,Hyderabad,Golconda Fort,2.0,4.4,30.0,Historical,Yes,Morning,Nov–Feb,Rajiv Gandhi International Airport (HYD),120000,Haleem,Non Veg,Meat Porridge,Main Course
South,Telangana,Hyderabad,Nehru Zoological Park,3.0,4.2,50.0,Wildlife,Yes,Morning,Nov–Feb,Rajiv Gandhi International Airport (HYD),86000,Double ka Meetha,Veg,Bread Pudding,Dessert
South,Telangana,Hyderabad,Charminar,1.0,4.5,25.0,Historical,Yes,Morning,Nov–Feb,Rajiv Gandhi International Airport (HYD),210000,Hyderabadi Biryani,Non Veg,Rice & Meat,Main Course
South,Telangana,Hyderabad,Inorbit Mall Cyberabad,2.0,4.5,0.0,Shopping,Yes,All,Nov–Feb,Rajiv Gandhi International Airport (HYD),120000,Boti Kebab,Non Veg,Grilled Meat,Snack
South,Telangana,Hyderabad,Hussain Sagar Lake,1.0,4.3,0.0,Scenic,Yes,Evening,Nov–Feb,Rajiv Gandhi International Airport (HYD),50000,Sakinalu,Veg,Crisp Snack,Snack
South,Telangana,Hyderabad,Ramoji Film City,4.0,4.4,1150.0,Entertainment,Yes,All,Nov–Feb,Rajiv Gandhi International Airport (HYD),45000,Sarva Pindi,Veg,Rice Flour Pancake,Snack
South,Telangana,Hyderabad,Salar Jung Museum,2.0,4.4,20.0,Historical,Yes,All,Nov–Feb,Rajiv Gandhi International Airport (HYD),67000,Kodi Kura,Non Veg,Chicken Curry,Main Course
South,Telangana,Hyderabad,Qutb Shahi Tombs,1.0,4.4,25.0,Historical,Yes,Morning,Nov–Feb,Rajiv Gandhi International Airport (HYD),20000,Lukhmi,Non Veg,Minced Meat Pastry,Snack
South,Telangana,Hyderabad,Lumbini Park,1.0,4.1,20.0,Recreational,Yes,Evening,Nov–Feb,Rajiv Gandhi International Airport (HYD),73000,Qubani ka Meetha,Veg,Apricot Dessert,Dessert
South,Telangana,Hyderabad,Chowmahalla Palace,1.5,4.4,80.0,Historical,Yes,Morning,Nov–Feb,Rajiv Gandhi International Airport (HYD),45000,Mirchi ka Salan,Veg,Chilli Curry,Side
South,Telangana,Hyderabad,Birla Mandir,1.0,4.7,0.0,Religious,No,All,Nov–Feb,Rajiv Gandhi International Airport (HYD),41000,Bagara Baingan,Veg,Eggplant Curry,Main Course
North Eastern,Tripura,Dumboor,Dumboor Lake,1.0,4.5,0.0,Nature,Yes,Morning,Oct–Mar,Maharaja Bir Bikram Airport (IXA),1000,Mui Borok (Fermented Fish) — Special #1,Non Veg,Traditional,Main Course
North Eastern,Tripura,Agartala,Ujjayanta Palace,1.5,4.5,10.0,Historical,Yes,All,Oct–Mar,Maharaja Bir Bikram Airport (IXA),3500,Mui Borok (Fermented Fish),Non Veg,Traditional,Main Course
North Eastern,Tripura,Unakoti,Unakoti Rock Carvings,1.5,4.5,20.0,Historical,Yes,Morning,Oct–Mar,Maharaja Bir Bikram Airport (IXA),2500,Mui Borok (Fermented Fish) — Special #2,Non Veg,Traditional,Main Course
Central,Uttar Pradesh,Agra,Taj Mahal,2.0,4.6,50.0,Historical,Yes,Morning,Oct–Mar,Agra Airport (AGR),225000,Awadhi Biryani,Non Veg,Rice & Meat,Main Course
Central,Uttar Pradesh,Meerut,Augarnath Temple,1.0,4.8,0.0,Religious,No,All,Oct–Mar,Chaudhary Charan Singh International Airport (LKO),4500,Ras Malai,Veg,Sweet,Dessert
Central,Uttar Pradesh,Noida,DLF Mall of India,2.0,4.6,0.0,Shopping,Yes,All,Oct–Mar,Indira Gandhi International Airport (DEL),150000,Imarti,Veg,Sweet,Dessert
Central,Uttar Pradesh,Aligarh,Aligarh Fort,1.0,4.1,20.0,Historical,Yes,Afternoon,Oct–Mar,Chaudhary Charan Singh International Airport (LKO),1650,Laal Peda,Veg,Sweet,Dessert
Central,Uttar Pradesh,Noida,Okhla Bird Sanctuary,1.5,4.3,30.0,Wildlife,Yes,All,Oct–Mar,Indira Gandhi International Airport (DEL),3500,Kulfi Falooda,Veg,Dessert,Dessert
Central,Uttar Pradesh,Fatehpur Sikri,Buland Darwaza,2.0,4.4,40.0,Historical,Yes,Afternoon,Oct–Mar,Chaudhary Charan Singh International Airport (LKO),7000,Basket Chaat,Veg,Street Snack,Snack
Central,Uttar Pradesh,Sarnath,Dhamek Stupa,1.0,4.6,5.0,Historical,Yes,All,Oct–Mar,Chaudhary Charan Singh International Airport (LKO),6500,Sheermal,Veg,Saffron Bread,Side
Central,Uttar Pradesh,Jhansi,Jhansi Fort,1.5,4.4,15.0,Historical,Yes,All,Oct–Mar,Chaudhary Charan Singh International Airport (LKO),25000,Khasta Kachori,Veg,Snack,Snack
Central,Uttar Pradesh,Vrindavan,Banke Bihari Temple,1.0,4.8,0.0,Religious,No,All,Oct–Mar,Chaudhary Charan Singh International Airport (LKO),37000,Kheer,Veg,Sweet,Dessert
Central,Uttar Pradesh,Ayodhya,Ram Janmabhoomi,1.0,4.8,0.0,Religious,No,All,Oct–Mar,Maharishi Valmiki International Airport (AYJ),2500,Kebabs (Kakori/Seekh),Non Veg,Grilled Meat,Snack
Central,Uttar Pradesh,Mathura,Krishna Janmabhoomi,1.0,4.7,0.0,Religious,No,All,Oct–Mar,Chaudhary Charan Singh International Airport (LKO),13000,Peda (Mathura),Veg,Sweet,Dessert
Central,Uttar Pradesh,Lucknow,Bara Imambara,1.5,4.4,50.0,Historical,No,All,Oct–Mar,Chaudhary Charan Singh International Airport (LKO),45000,Galouti Kebab,Non Veg,Meat Stew,Main Course
Central,Uttar Pradesh,Vrindavan,Prem Mandir,1.5,4.8,0.0,Religious,Yes,Evening,Oct–Mar,Chaudhary Charan Singh International Airport (LKO),49000,Banarasi Paan,Veg,Digestive,After Meal
Central,Uttar Pradesh,Allahabad,Triveni Sangam,1.0,4.5,0.0,Religious,Yes,Morning,Oct–Mar,Chaudhary Charan Singh International Airport (LKO),9000,Bedhai Jalebi (Agra),Veg,Breakfast + Sweet,Breakfast
Central,Uttar Pradesh,Mathura,Nand Gaon,1.0,4.1,0.0,Cultural,Yes,Morning,Oct–Mar,Chaudhary Charan Singh International Airport (LKO),1000,Ghevar,Veg,Sweet,Dessert
Central,Uttar Pradesh,Mathura,Barsana Mandir,1.0,4.8,0.0,Religious,Yes,Morning,Oct–Mar,Chaudhary Charan Singh International Airport (LKO),10000,Malpua,Veg,Sweet,Dessert
North,Uttar Pradesh,Varanasi,Ghats of Varanasi (Dashashwamedh Ghat),2-3,4.6,0.0,Spiritual,Yes,Evening,Oct–Mar,Lal Bahadur Shastri International Airport (VNS),67000,Puri Sabzi (Banaras),Veg,Breakfast,Breakfast
Central,Uttar Pradesh,Varanasi,Kashi Vishwanath Temple,1.0,4.7,0.0,Religious,No,All,Oct–Mar,Lal Bahadur Shastri International Airport (VNS),90000,Bedhai (Bedmi) with Aloo,Veg,Breakfast Combo,Breakfast
Central,Uttar Pradesh,Agra,Agra Fort,2.0,4.5,40.0,Historical,Yes,Afternoon,Oct–Mar,Agra Airport (AGR),130000,Tunday Kababi Galouti,Non Veg,Minced Kebab,Snack
Central,Uttar Pradesh,Lucknow,Phoenix Palassio,2.0,4.6,0.0,Shopping,Yes,All,Oct–Mar,Chaudhary Charan Singh International Airport (LKO),35000,Kulcha Nihari (Lucknow),Non Veg,Bread + Stew,Main Course
Central,Uttar Pradesh,Greater Noida,Buddh International Circuit,2.0,4.6,1500.0,Sports,Yes,All,Oct–Mar,Indira Gandhi International Airport (DEL),740000,Kulhad Chai,Veg,Tea,Drink
Central,Uttar Pradesh,Kanpur,Allen Forest Zoo,2.0,4.2,150.0,Wildlife,Yes,All,Oct–Mar,Kanpur Airport (KNU),21000,Batti Chokha (Eastern UP),Veg,Rustic Meal,Main Course
Central,Uttar Pradesh,Greater Noida,The Grand Venice Mall,2.0,4.2,0.0,Shopping,Yes,All,Oct–Mar,Indira Gandhi International Airport (DEL),45000,Baati (Varieties),Veg,Bread,Main Course
Central,Uttar Pradesh,Porbandar,Kirti Mandir,1.0,4.8,0.0,Historical,Yes,Morning,Oct–Mar,Chaudhary Charan Singh International Airport (LKO),3000,Malaiyo (Winter Varanasi),Veg,Foamy Dessert,Dessert
North,Uttarakhand,Haridwar,Har Ki Pauri,1.0,4.5,0.0,Religious,Yes,All,Oct–Mar,Dehradun Jolly Grant Airport (DED),2500,Aloo Ke Gutke,Veg,Spiced Potato,Snack
North,Uttarakhand,Dehradun,Robber's Cave,1.5,4.5,25.0,Nature,Yes,Morning,Oct–Mar,Dehradun Jolly Grant Airport (DED),1000,Gahat (Kulath) Soup,Veg,Soup,Starter
North,Uttarakhand,Mussoorie,Kempty Falls,1.5,4.2,15.0,Nature,Yes,Morning,"Mar–Jun, Sep–Oct",Dehradun Jolly Grant Airport (DED),55000,Chainsoo,Veg,Black Gram Curry,Main Course
North,Uttarakhand,Auli,Auli Ski Resort,3.0,4.5,0.0,Adventure,Yes,Morning,"Mar–Jun, Sep–Oct",Dehradun Jolly Grant Airport (DED),1000,Phaanu,Veg,Mixed Lentil Curry,Main Course
North,Uttarakhand,Badrinath,Badrinath Temple,1.0,4.8,0.0,Religious,No,All,"May–Jun, Sep–Oct",Dehradun Jolly Grant Airport (DED),28999,Singori,Veg,Sweet,Dessert
North,Uttarakhand,Almora,Binsar Wildlife Sanctuary,2.0,4.3,150.0,Wildlife,Yes,All,"Mar–Jun, Sep–Oct",Dehradun Jolly Grant Airport (DED),1000,Arsa,Veg,Sweet,Dessert
North,Uttarakhand,Joshimath,Valley of Flowers,5.0,4.7,150.0,Nature,Yes,Morning,"Mar–Jun, Sep–Oct",Dehradun Jolly Grant Airport (DED),3500,Ras (Kumaoni),Veg,Lentil Soup,Starter
North,Uttarakhand,Jim Corbett,Jim Corbett National Park,3.0,4.4,100.0,Wildlife,Yes,All,"Mar–Jun, Sep–Oct",Dehradun Jolly Grant Airport (DED),30000,Bhang ki Chutney,Veg,Chutney,Side
North,Uttarakhand,Uttarkashi,Gangotri Temple,1.0,4.8,0.0,Religious,No,All,"Mar–Jun, Sep–Oct",Dehradun Jolly Grant Airport (DED),5000,Garhwal Ka Fannah,Veg,Lentil Dish,Main Course
North,Uttarakhand,Chopta,Tungnath Temple,2.0,4.8,0.0,Religious,No,All,"Mar–Jun, Sep–Oct",Dehradun Jolly Grant Airport (DED),9000,Bal Mithai,Veg,Sweet,Dessert
North,Uttarakhand,Rishikesh,Laxman Jhula,1.0,4.4,0.0,Cultural,Yes,Morning,Oct–Mar,Dehradun Jolly Grant Airport (DED),3000,Bhatt ki Churdkani,Veg,Black Soybean Curry,Main Course
North,Uttarakhand,Kedarnath,Kedarnath,1.5,4.8,0.0,Religious,No,All,"May–Jun, Sep–Oct",Dehradun Jolly Grant Airport (DED),200000,Urad Ke Pakode,Veg,Fritter,Snack
North,Uttarakhand,Ranikhet,Chaubatia Gardens,1.0,4.0,50.0,Recreational,Yes,All,"Mar–Jun, Sep–Oct",Dehradun Jolly Grant Airport (DED),2500,Jhangora ki Kheer,Veg,Millet Pudding,Dessert
North,Uttarakhand,Nainital,Naini Lake,1.5,4.2,0.0,Nature,Yes,Morning,"Mar–Jun, Sep–Oct",Pantnagar Airport (PGH),1000,Kafuli,Veg,Spinach Curry,Main Course
East,West Bengal,Kolkata,Kalighat Kali Temple,1.0,4.4,0.0,Religious,Yes,Morning,Oct–Mar,Netaji Subhas Chandra Bose International Airport (CCU),50000,Bhetki Paturi,Non Veg,Fish in Banana Leaf,Main Course
East,West Bengal,Kolkata,Howrah Bridge,0.5,4.6,0.0,Architectural,No,Anytime,Oct–Mar,Netaji Subhas Chandra Bose International Airport (CCU),120000,Shorshe Ilish,Non Veg,Hilsa in Mustard,Main Course
East,West Bengal,Darjeeling,Tiger Hill,1.0,4.5,0.0,Nature,Yes,All,Oct–Mar,Bagdogra Airport (IXB),2500,Rosogolla,Veg,Sweet,Dessert
East,West Bengal,Sundarbans,Sundarbans National Park,4.0,4.4,60.0,Wildlife,Yes,All,Nov–Feb,Netaji Subhas Chandra Bose International Airport (CCU),6500,Patishapta,Veg,Crepe Sweet,Dessert
East,West Bengal,Digha,Digha Beach,1.5,4.5,0.0,Recreational,Yes,Morning,Oct–Mar,Netaji Subhas Chandra Bose International Airport (CCU),9000,Beguni,Veg,Brinjal Fritter,Snack
East,West Bengal,Murshidabad,Hazarduari Palace,1.5,4.5,10.0,Historical,Yes,Morning,Oct–Mar,Netaji Subhas Chandra Bose International Airport (CCU),18000,Mochar Ghonto,Veg,Banana Blossom Curry,Main Course
East,West Bengal,Bolpur,Kankalitala Temple,0.5,4.7,0.0,Religious,No,All,Oct–Mar,Netaji Subhas Chandra Bose International Airport (CCU),4500,Bok Phool Bhaja,Veg,Fried Flowers,Snack
East,West Bengal,Hooghly,Hangseswari Temple,0.5,4.6,0.0,Architectural,No,All,Oct–Mar,Netaji Subhas Chandra Bose International Airport (CCU),7000,Mishti Pulao,Veg,Sweet Rice,Main Course
East,West Bengal,Jalpaiguri,Gorumara National Park,3.0,4.4,100.0,Wildlife,Yes,All,Oct–Mar,Netaji Subhas Chandra Bose International Airport (CCU),7000,Dab Chingri,Non Veg,Prawn in Coconut,Main Course
East,West Bengal,Kolkata,Victoria Memorial,1.5,4.6,30.0,Historical,Yes,Morning,Oct–Mar,Netaji Subhas Chandra Bose International Airport (CCU),73000,Kosha Mangsho,Non Veg,Mutton Curry,Main Course
East,West Bengal,Cooch Behar,Cooch Behar Palace,1.0,4.5,20.0,Historical,Yes,All,Oct–Mar,Netaji Subhas Chandra Bose International Airport (CCU),9000,Mutton Kasha,Non Veg,Mutton Curry,Main Course
East,West Bengal,Kolkata,Marble Palace,1.0,4.4,0.0,Historical,Yes,Afternoon,Oct–Mar,Netaji Subhas Chandra Bose International Airport (CCU),10000,Bengali Mishti Doi,Veg,Curd Dessert,Dessert
East,West Bengal,Kolkata,Belur Math,1.5,4.7,0.0,Religious,Yes,Morning,Oct–Mar,Netaji Subhas Chandra Bose International Airport (CCU),47000,Aloo Posto,Veg,Poppy Potato,Main Course
East,West Bengal,Kolkata,Science City Kolkata,3.0,4.4,60.0,Educational,Yes,All,Oct–Mar,Netaji Subhas Chandra Bose International Airport (CCU),88000,Macher Jhol,Non Veg,Fish Curry,Main Course
East,West Bengal,Kolkata,Alipore Zoological Gardens,2.0,4.3,25.0,Wildlife,Yes,Afternoon,Oct–Mar,Netaji Subhas Chandra Bose International Airport (CCU),66000,Ghugni,Veg,Yellow Pea Curry,Snack
East,West Bengal,Kolkata,Eden Gardens,3.0,4.1,2500.0,Sports,Yes,All,Oct–Mar,Netaji Subhas Chandra Bose International Airport (CCU),10000,Kathi Roll,Non Veg,Street Roll,Snack
East,West Bengal,Kolkata,Dakshineswar Kali Temple,1.0,4.7,0.0,Religious,Yes,Morning,Oct–Mar,Netaji Subhas Chandra Bose International Airport (CCU),82000,Alur Dom Luchi,Veg,Potato + Fried Bread,Main Course
East,West Bengal,Kolkata,Indian Museum,2.0,4.6,50.0,Historical,Yes,Morning,Oct–Mar,Netaji Subhas Chandra Bose International Airport (CCU),18000,Chingri Malai Curry,Non Veg,Prawn Coconut Curry,Main Course
East,West Bengal,Purulia,Ayodhya Hills,2.5,4.5,0.0,Nature,Yes,All,Oct–Mar,Netaji Subhas Chandra Bose International Airport (CCU),15000,Pabda Shorshe,Non Veg,Fish Mustard Curry,Main Course
East,West Bengal,Siliguri,Jaldapara National Park,3.0,4.4,250.0,Wildlife,Yes,All,Oct–Mar,Bagdogra Airport (IXB),3500,Sandesh,Veg,Sweet,Dessert
