Main Tourist Attraction,City,State,Dish Name,Veg or Non Veg,Type of Dish,Course
Cellular Jail,Port Blair,Andaman and Nicobar Islands,Grilled Lobster,Non Veg,Seafood Grill,Main Course
Radhanagar Beach,Havelock Island,Andaman and Nicobar Islands,Crab Meat Curry,Non Veg,Curry,Main Course
Bharatpur Beach,Neil Island,Andaman and Nicobar Islands,Prawn Masala,Non Veg,Spiced Seafood Curry,Main Course
Limestone Caves,Baratang Island,Andaman and Nicobar Islands,Coconut Fish Curry,Non Veg,Fish Curry (Coconut base),Main Course
Kanaka Durga Temple,Vijayawada,Andhra Pradesh,Pulihora (Tamarind Rice),Veg,Rice Dish,Main Course
Rishikonda Beach,Visakhapatnam,Andhra Pradesh,Gutti Vankaya Kura,Veg,Stuffed Eggplant Curry,Main Course
Kailasagiri,Visakhapatnam,Andhra Pradesh,Pesarattu Upma,Veg,Dosa + Upma Combo,Breakfast
Submarine Museum,Visakhapatnam,Andhra Pradesh,Gongura Pachadi,Veg,Pickle/Chutney,Side
Borra Caves,Visakhapatnam,Andhra Pradesh,Rasam (Andhra Charu),Veg,Soup,Starter
War Memorial,Visakhapatnam,Andhra Pradesh,Royyala Iguru,Non Veg,Prawn Masala,Main Course
Indira Gandhi Zoological Park,Visakhapatnam,Andhra Pradesh,Chepa Pulusu,Non Veg,Fish Curry,Main Course
Matsyadarshini Aquarium,Visakhapatnam,Andhra Pradesh,Naatu Kodi Pulusu,Non Veg,Country Chicken Curry,Main Course
Visakha Museum,Visakhapatnam,Andhra Pradesh,Pootharekulu,Veg,Paper Sweet,Dessert
Mallikarjuna Swamy Temple,Srisailam,Andhra Pradesh,Bobbatlu / Puran Poli (Andhra Style),Veg,Sweet Flatbread,Dessert
Papikondalu,Rajahmundry,Andhra Pradesh,Ulavacharu (Horse Gram Stew),Veg,Stew,Main Course
Lepakshi,Anantapur,Andhra Pradesh,Gongura Mutton,Non Veg,Mutton Curry,Main Course
Belum Caves,Kurnool,Andhra Pradesh,Punugulu,Veg,Fried Snack,Snack
Amaravathi Temple,Amravati,Andhra Pradesh,Sajja Roti,Veg,Millet Flatbread,Main Course
Uppalapadu Bird Sanctuary,Guntur,Andhra Pradesh,Jonna Roti,Veg,Sorghum Flatbread,Main Course
Gandikota Fort,Kadapa,Andhra Pradesh,Kaja (Andhra Sweet),Veg,Sweet,Dessert
Prasanthi Nilayam,Puttaparthi,Andhra Pradesh,Ariselu,Veg,Rice Sweet,Dessert
Simhachalam Temple,Vizianagaram,Andhra Pradesh,Bongu Chicken (Bamboo Chicken),Non Veg,Roast,Main Course
Tawang Monastery,Tawang,Arunachal Pradesh,Thenthuk,Veg/Non Veg,Pulled Noodles,Main Course
Kamakhya Temple,Guwahati,Assam,Masor Tenga,Non Veg,Fish Curry (Sour),Main Course
Umananda Island,Guwahati,Assam,Khar,Veg,Alkaline Veg Curry,Main Course
Pobitora Wildlife Sanctuary,Guwahati,Assam,Duck with Kumura,Non Veg,Duck Curry,Main Course
Kaziranga National Park,Kaziranga,Assam,Aloo Pitika,Veg,Mashed Potato,Side
Sivasagar Sivadol,Sivasagar,Assam,Pitha (Til Pitha),Veg,Rice Cake Sweet,Dessert
Majuli Island,Majuli,Assam,Ou Tenga Dal,Veg,Sour Lentil,Main Course
Manas National Park,Manas,Assam,Smoked Pork with Bamboo Shoot,Non Veg,Pork Curry,Main Course
Hayagriva Madhava Temple,Hajo,Assam,Jolpan,Veg,Sweet,Breakfast/Refreshment
Mahabodhi Temple,Bodh Gaya,Bihar,Litti Chokha,Veg,Stuffed Wheat Ball + Mash,Main Course
Sanjay Gandhi Biological Park,Patna,Bihar,Khaja,Veg,Layered Sweet,Dessert
Takhat Shri Harimandir Ji Patna Sahib,Patna,Bihar,Sattu Paratha,Veg,Stuffed Paratha,Main Course
Budhha Smriti Park,Patna,Bihar,Thekua,Veg,Fried Cookie,Dessert
Chitrakote Falls,Bastar,Chhattisgarh,Masala Dosa,Veg,"Crispy, Savory",Breakfast/Main
Naida Caves,Diu,Daman and Diu,Patra Ni Macchi,Non Veg,Mild Spicy,Main Course
Diu Fort,Diu,Daman and Diu,Ubadiyu,Veg,"Smoky, Spicy",Main Course
India Gate,Delhi,Delhi,Chole Bhature,Veg,Spicy Chickpeas + Fried Bread,Main Course
Humayun's Tomb,Delhi,Delhi,Butter Chicken,Non Veg,Creamy Curry,Main Course
Akshardham Temple,Delhi,Delhi,Daulat ki Chaat,Veg,Foamy Milk Dessert,Dessert
Waste to Wonder Park,Delhi,Delhi,Nihari,Non Veg,Slow-cooked Meat Stew,Main Course
Jantar Mantar,Delhi,Delhi,Kulfi Falooda,Veg,Frozen Dessert + Vermicelli,Dessert
Chandni Chowk,Delhi,Delhi,Parathe (Paranthe Wali Gali),Veg,Stuffed Flatbread,Breakfast
Lotus Temple,Delhi,Delhi,Kebabs (Seekh/Reshmi),Non Veg,Grilled Meat,Snack
Red Fort,Delhi,Delhi,Gol Gappe / Pani Puri,Veg,Street Snack,Snack
Agrasen ki Baoli,Delhi,Delhi,Rabri Jalebi,Veg,Sweet,Dessert
Sunder Nursery,Delhi,Delhi,Bedmi Puri with Aloo,Veg,Breakfast Combo,Breakfast
Garden of Five Senses,Delhi,Delhi,Moth Kachori,Veg,Snack,Snack
Lodhi Garden,Delhi,Delhi,Keema Mutter,Non Veg,Minced Meat Curry,Main Course
National Gallery of Modern Art,Delhi,Delhi,Karim's Mutton Korma,Non Veg,Mutton Curry,Main Course
National Zoological Park ,Delhi,Delhi,Chandni Chowk Kulcha,Veg,Bread + Chole,Main Course
Qutub Minar,Delhi,Delhi,Kadai Paneer,Veg,Paneer Curry,Main Course
National Science Centre,Delhi,Delhi,Rajma Chawal,Veg,Beans + Rice,Main Course
Gurudwara Bangla Sahib,New Delhi,Delhi,Aloo Tikki Chaat,Veg,Street Snack,Snack
Jama Masjid,New Delhi,Delhi,Samosa,Veg,Fried Snack,Snack
Rail Museum,New Delhi,Delhi,Kachori Sabzi,Veg,Snack + Curry,Breakfast
Calangute Beach,Goa,Goa,Pork Vindaloo,Non Veg,Curry,Main Course
Basilica of Bom Jesus,Goa,Goa,Chicken Cafreal,Non Veg,Spicy Roast,Main Course
Fort Aguada,Goa,Goa,Prawn Balchao,Non Veg,Pickled Seafood Curry,Main Course
Dudhsagar Falls,Goa,Goa,Crab Xec Xec,Non Veg,Coconut Curry,Main Course
Anjuna Beach,Goa,Goa,Goan Fish Curry,Non Veg,Fish Curry,Main Course
Chapora Fort,Goa,Goa,Samarachi Kodi,Non Veg,Dry Shrimp Curry,Main Course
Se Cathedral,Goa,Goa,Sorpotel,Non Veg,Pork Curry,Main Course
Baga Beach,Goa,Goa,Bebinca,Veg,Dessert,Dessert
Arambol Beach,Goa,Goa,Ros Omelette,Non Veg,Street Snack,Snack
Palolem Beach,Goa,Goa,Poi Bread with Chorizo Pao,Non Veg,Bread + Sausage,Snack
Colva Beach,Goa,Goa,Caldeen,Non Veg,Mild Coconut Curry,Main Course
Miramar Beach,Goa,Goa,Ambot Tik,Non Veg,Sour Spicy Curry,Main Course
Aguada Beach,Goa,Goa,Goan Red Rice,Veg,Staple,Side
Dr. Salim Ali Bird Santuary,Goa,Goa,Sannas,Veg,Steamed Rice Cake,Side
Sabarmati Ashram,Ahmedabad,Gujarat,Undhiyu,Veg,Mixed Veg Curry,Main Course
Sabarmati Riverfront,Ahmedabad,Gujarat,Thepla,Veg,Spiced Flatbread,Snack
Manek Chowk,Ahmedabad,Gujarat,Khandvi,Veg,Gram Flour Rolls,Snack
Kankaria Lake,Ahmedabad,Gujarat,Fafda Jalebi,Veg,Snack + Sweet,Snack
Science City,Ahmedabad,Gujarat,Handvo,Veg,Savoury Cake,Main Course
Dwarkadhish Temple,Dwarka,Gujarat,Lilva Kachori,Veg,Stuffed Snack,Snack
Gir National Park,Junagadh,Gujarat,Sev Tameta nu Shaak,Veg,Tomato Curry,Main Course
White Desert,Bhuj,Gujarat,Gujarati Kadhi,Veg,Yoghurt Curry,Side
Laxmi Vilas Palace,Vadodara,Gujarat,Khichdi with Ghee,Veg,Rice + Lentils,Main Course
Somnath Temple,Somnath,Gujarat,Dabeli,Veg,Street Burger,Snack
Rann Utsav,Rann of Kutch,Gujarat,Patra (Alu Vadi),Veg,Colocasia Roll,Snack
Statue of Unity,Kevadia,Gujarat,Mohanthal,Veg,Sweet,Dessert
Dandi Kutir,Gandhinagar,Gujarat,Basundi,Veg,Milk Dessert,Dessert
Akshardham,Gandhinagar,Gujarat,Surti Locho,Veg,Steamed Snack,Snack
Kingdom of Dreams,Gurugram,Haryana,Chicken Tikka,Non Veg,"Tandoor, Spicy",Snack/Main
Ambience Mall,Gurugram,Haryana,Dahi Kebabs,Veg,"Creamy, Fried",Snack
DLF CyberHub,Gurugram,Haryana,Chole Kulche,Veg,Spicy,Snack/Main
The Ridge,Shimla,Himachal Pradesh,Dham (Festival Thali),Veg,Traditional Thali,Main Course
Solang Valley,Manali,Himachal Pradesh,Siddu,Veg,Steamed Wheat Bun,Snack
Dalai Lama Temple,dalhousie,Himachal Pradesh,Chha Gosht,Non Veg,Mutton in Yoghurt Gravy,Main Course
Khajjiar Lake,Dalhousie,Himachal Pradesh,Madra,Veg,Chickpea Curry,Main Course
Key Monastery,Spiti Valley,Himachal Pradesh,Babru,Veg,Stuffed Flatbread,Snack
Great Himalayan National Park,Kullu,Himachal Pradesh,Auriya Kaddu,Veg,Pumpkin Curry,Main Course
Chamera Lake,Chamba,Himachal Pradesh,Aktori,Veg,Buckwheat Pancake,Breakfast
Sangla Valley,Kinnaur,Himachal Pradesh,Bhey (Lotus Stem Curry),Veg,Curry,Main Course
Kangra Fort,Kangra,Himachal Pradesh,Mittha,Veg,Sweet Rice,Dessert
Tea Gardens,Palampur,Himachal Pradesh,Sepu Vadi,Veg,Lentil Dumplings Curry,Main Course
Prashar Lake,Mandi,Himachal Pradesh,Kullu Trout,Non Veg,Fish,Main Course
Paragliding Site,Bir Billing,Himachal Pradesh,Chana Madra,Veg,Chickpea Curry,Main Course
Triund Trek,McLeod Ganj,Himachal Pradesh,Anardana Chutney,Veg,Chutney,Side
Manikaran Sahib,Manikaran,Himachal Pradesh,Chamba Style Rajma,Veg,Rajma Curry,Main Course
Hatu Peak,Narkanda,Himachal Pradesh,Tudkiya Bhath,Veg,Spiced Rice,Main Course
Barot Valley,Barot,Himachal Pradesh,Gahat (Kulath) Soup,Veg,Soup,Starter
Serolsar Lake,Shoja,Himachal Pradesh,Patande,Veg,Crepe,Breakfast
Kufri Fun World,Kufri,Himachal Pradesh,Luchi with Chana,Veg,Bread + Curry,Breakfast
Mall Road,Shimla,Himachal Pradesh,Chha Meat,Non Veg,Yoghurt Mutton,Main Course
Dal Lake,Srinagar,Jammu and Kashmir,Rogan Josh (Wazwan),Non Veg,Kashmiri Specialty,Main Course
Betaab Valley,Pahalgam,Jammu and Kashmir,Rogan Josh,Non Veg,Kashmiri Specialty,Main Course
Vaishno Devi,Jammu,Jammu and Kashmir,Kaladi Kulcha,Veg,Local Cheese,Snack
Patnitop Height,Udhampur,Jammu and Kashmir,Kashmiri_Kahwa,Veg,Kashmiri Specialty,Drink
Amarnath Cave,Anantnag,Jammu and Kashmir,Kashmiri Dum Aloo,Veg,Kashmiri Specialty,Main Course
Kishtwar National Park,Kishtwar,Jammu and Kashmir,Rogan Josh — Special #3,Non Veg,Kashmiri Specialty,Main Course
Baba Baidyanath Temple,Deoghar,Jharkhand,Masala Dosa,Veg,"Crispy, Savory",Breakfast/Main
Pahari Mandir,Ranchi,Jharkhand,Masala Dosa — Special #1,Veg,"Crispy, Savory",Breakfast/Main
Bangalore Palace,Bangalore,Karnataka,Bisi Bele Bath,Veg,Rice + Lentils,Main Course
Lalbagh Botanical Garden,Bangalore,Karnataka,Mysore Masala Dosa,Veg,Dosa,Breakfast
Cubbon Park,Bangalore,Karnataka,Ragi Mudde with Sambar,Veg,Millet Ball + Sambar,Main Course
Vidhana Soudha,Bangalore,Karnataka,Udupi Sambar with Rice,Veg,Curry,Main Course
ISKCON Temple Bangalore,Bangalore,Karnataka,Mangalorean Fish Curry,Non Veg,Fish Curry,Main Course
Wonderla Amusement Park,Bengaluru,Karnataka,Korri Rotti,Non Veg,Chicken + Crisp Rotti,Main Course
Orion Mall,Bengaluru,Karnataka,Neer Dosa,Veg,Rice Crepe,Breakfast
Mysore Palace,Mysore,Karnataka,Mangalore Buns,Veg,Fried Banana Puri,Snack
Hampi Archaeological Ruins,Hampi,Karnataka,Holige/Obbattu,Veg,Sweet Flatbread,Dessert
Abbey Falls,Coorg,Karnataka,Mysore Pak,Veg,Sweet,Dessert
Om Beach,Gokarna,Karnataka,Chicken Ghee Roast,Non Veg,Roast,Main Course
Mullayanagiri,Chikmagalur,Karnataka,Saaru (Rasam),Veg,Soup,Starter
Badami Cave Temples,Badami,Karnataka,Kesari Bath,Veg,Sweet Semolina,Dessert
Jog Falls,Shivamogga,Karnataka,Puliyogare,Veg,Tamarind Rice,Main Course
Panambur Beach,Mangalore,Karnataka,Thatte Idli,Veg,Steamed Cake,Breakfast
Murudeshwar Temple,Murudeshwar,Karnataka,Kane Rava Fry,Non Veg,Fish Fry,Snack
Gol Gumbaz,Bijapur,Karnataka,Chitranna (Lemon Rice),Veg,Rice,Main Course
Bandipur National Park,Bandipur,Karnataka,Kotambari Vade,Veg,Fritter,Snack
Halebidu Hoysaleswara Temple,Halebidu,Karnataka,Uppittu (Upma),Veg,Breakfast,Breakfast
Alappuzha Beach,Alappuzha,Kerala,Appam with Stew,Veg,Rice Pancake + Veg Stew,Breakfast
Munnar Tea Gardens,Munnar,Kerala,Kerala Fish Curry,Non Veg,Fish Curry,Main Course
Fort Kochi,Kochi,Kerala,Puttu and Kadala Curry,Veg,Steamed Rice Cake + Chickpeas,Breakfast
Kerala Folklore Museum,Kochi,Kerala,Avial,Veg,Mixed Veg Curry,Main Course
Wonderla Amusement Park,Kochi,Kerala,Thalassery Biryani,Non Veg,Biryani,Main Course
LuLu International Shopping Mall,Kochi,Kerala,Karimeen Pollichathu,Non Veg,Pearl Spot in Banana Leaf,Main Course
Padmanabhaswamy Temple,Thiruvananthapuram,Kerala,Idiyappam,Veg,String Hoppers,Breakfast
Kozhikode Beach,Kozhikode,Kerala,Parippu Curry,Veg,Dal,Main Course
Wayanad Wildlife Sanctuary,Wayanad,Kerala,Erissery,Veg,Pumpkin & Lentil,Main Course
Periyar National Park,Thekkady,Kerala,Kappa and Meen Curry,Non Veg,Tapioca + Fish,Main Course
Kumarakom Bird Sanctuary,Kumarakom,Kerala,Nadan Beef Fry,Non Veg,Beef Fry,Main Course
Varkala Beach,Varkala,Kerala,Pazham Pori,Veg,Banana Fritter,Snack
Bekal Fort,Bekal,Kerala,Ada Pradhaman,Veg,Payasam,Dessert
Kovalam Beach,Kovalam,Kerala,Unniyappam,Veg,Sweet Snack,Dessert
St. Angelo Fort,Kannur,Kerala,Malabar Parotta with Beef/Chicken Curry,Non Veg,Bread + Curry,Main Course
Seethargundu Viewpoint,Nelliyampathy,Kerala,Vegetable Stew,Veg,Coconut Milk Stew,Main Course
Pangong Tso,Leh,Ladakh,Thukpa,Veg/Non Veg,Noodle Soup,Main Course
Thiksey Monastery,Leh,Ladakh,Momos,Veg/Non Veg,Steamed Dumplings,Snack
Magnetic Hill,Leh,Ladakh,Jalebi,Veg,Sweet,Dessert
Khardung La Pass,Leh,Ladakh,Mutton Curry,Non Veg,Spicy,Main Course
Nubra Valley,Nubra Valley,Ladakh,Skyu,Veg/Non Veg,Pasta-like Stew,Main Course
Kargil War Memorial,Kargil,Ladakh,Skyu — Special #1,Veg/Non Veg,Pasta-like Stew,Main Course
Diskit Monastery,Diskit,Ladakh,Skyu — Special #2,Veg/Non Veg,Pasta-like Stew,Main Course
Hemis National Park,Hemis,Ladakh,Skyu — Special #3,Veg/Non Veg,Pasta-like Stew,Main Course
Dras War Memorial,Dras,Ladakh,Skyu — Special #4,Veg/Non Veg,Pasta-like Stew,Main Course
Khajuraho Group of Monuments,Khajuraho,Madhya Pradesh,Poha-Jalebi,Veg,Breakfast Combo,Breakfast
Sanchi Stupa,Bhopal,Madhya Pradesh,Dal Bafla,Veg,Wheat Dumplings + Dal,Main Course
Madhya Pradesh Tribal Museum,Bhopal,Madhya Pradesh,Bhutte Ka Kees,Veg,Grated Corn Snack,Snack
Rajwada Palace,Indore,Madhya Pradesh,Bhopali Gosht Korma,Non Veg,Mutton Curry,Main Course
Gwalior Fort,Gwalior,Madhya Pradesh,Seekh Kebabs (Bhopal),Non Veg,Grilled Meat,Snack
Mahakaleshwar Jyotirlinga,Ujjain,Madhya Pradesh,Sabudana Khichdi,Veg,Sago Khichdi,Main Course
Dhuandhar Falls,Jabalpur,Madhya Pradesh,Rogan Josh (Indore style),Non Veg,Mutton Curry,Main Course
Bee Falls,Pachmarhi,Madhya Pradesh,Shikanji (Indore sweet drink),Veg,Drink/Dessert,Dessert
Kanha National Park,Kanha,Madhya Pradesh,Mawa Bati,Veg,Sweet,Dessert
Bandhavgarh National Park,Bandhavgarh,Madhya Pradesh,Jalebi (Hot),Veg,Sweet,Dessert
Orchha Fort,Orchha,Madhya Pradesh,Indori Namkeen Mix,Veg,Snack,Snack
Jahaz Mahal,Mandu,Madhya Pradesh,Bafla with Ghee,Veg,Bread Dish,Main Course
Bhimbetka Rock Shelters,Bhimbetka,Madhya Pradesh,Chicken Rezala (Bhopal),Non Veg,Chicken Curry,Main Course
Narmada Udgam Temple,Amarkantak,Madhya Pradesh,Gajak,Veg,Sweet,Dessert
Chitrakoot Falls,Chitrakoot,Madhya Pradesh,Khopra Patties,Veg,Coconut Cutlets,Snack
Tarkarli Beach,Tarkarli,Maharashtra,Misal Pav,Veg,Spicy Sprouts Curry + Bread,Breakfast
Kaas Plateau,Satara,Maharashtra,Vada Pav,Veg,Potato Fritter Bun,Snack
Echo Point,Matheran,Maharashtra,Puran Poli,Veg,Sweet Flatbread,Dessert
Ellora Caves,Ajanta,Maharashtra,Pav Bhaji,Veg,Mashed Veg Curry + Bread,Main Course
Marine Drive,Mumbai,Maharastra,Misal Pav,Veg,Spicy Sprouts Curry + Bread,Breakfast
Gateway of India,Mumbai,Maharastra,Vada Pav,Veg,Potato Fritter Bun,Snack
Chhatrapati Shivaji Maharaj Vastu Sangrahalaya,Mumbai,Maharastra,Pandra Rassa (Kolhapuri),Non Veg,White Curry,Main Course
Sanjay Gandhi National Park,Mumbai,Maharastra,Tambda Rassa (Kolhapuri),Non Veg,Red Curry,Main Course
Siddhivinayak Temple,Mumbai,Maharastra,Puran Poli,Veg,Sweet Flatbread,Dessert
Mahalaxmi Temple,Mumbai,Maharastra,Bharli Vangi,Veg,Stuffed Brinjal,Main Course
Haji Ali Dargah,Mumbai,Maharastra,Sabudana Khichdi,Veg,Fasting Dish,Main Course
Chowpatty Beach,Mumbai,Maharastra,Bombay Duck Fry (Bombil),Non Veg,Fish Fry,Snack
Essel World,Mumbai,Maharastra,Pav Bhaji,Veg,Mashed Veg Curry + Bread,Main Course
Elephanta Caves,Mumbai,Maharastra,Solkadhi,Veg,Coconut Kokum Drink,Drink
Imagicaa,Lonavala,Maharastra,Modak,Veg,Sweet Dumpling,Dessert
Karla Caves,Lonavala,Maharastra,Ragda Pattice,Veg,Street Snack,Snack
Shaniwar Wada,Pune,Maharastra,Thalipeeth,Veg,Multigrain Flatbread,Main Course
Ajanta Caves,Aurangabad,Maharastra,Poha,Veg,Flattened Rice,Breakfast
Sula Vineyards,Nashik,Maharastra,Chicken/Mutton Sukka,Non Veg,Dry Curry,Main Course
Sai Baba Temple,Shirdi,Maharastra,Kombdi Vade,Non Veg,Chicken + Fried Bread,Main Course
Alibaug Beach,Alibaug,Maharastra,Kanda Bhaji,Veg,Onion Fritters,Snack
Ganapatipule Temple,Ratnagiri,Maharastra,Mutton Ukkad,Non Veg,Stew,Main Course
Deekshabhoomi,Nagpur,Maharastra,Koliwada Prawns,Non Veg,Fried Prawns,Snack
Mahalakshmi Temple,Kolhapur,Maharastra,Shrikhand,Veg,Sweet,Dessert
Living Root Bridge,Cherrapunji,Meghalaya,Jadoh,Non Veg,Pork & Rice,Main Course
Nohkalikai Falls,Cherrapunji (Sohra),Meghalaya,Jadoh — Special #1,Non Veg,Pork & Rice,Main Course
Dzükou Valley,Dzükou Valley,Nagaland,Smoked Pork with Bamboo Shoot,Non Veg,Smoky,Main Course
Jagannath Temple,Puri,Odisha,Pakhala Bhata,Veg,Fermented Rice,Main Course
Sun Temple,Konark,Odisha,Dalma,Veg,Lentil + Veg,Main Course
Lingaraj Temple,Bhubaneswar,Odisha,Chhena Poda,Veg,Baked Cottage Cheese Sweet,Dessert
Nandankanan Zoological Park,Bhubaneswar,Odisha,Dahi Baingan,Veg,Curd Eggplant,Main Course
Khandadhar Waterfall,Rourkela,Odisha,Machha Besara,Non Veg,Fish Curry (Mustard),Main Course
Barabati Fort,Cuttack,Odisha,Chingudi Jhola,Non Veg,Prawn Curry,Main Course
Hirakud Dam,Sambalpur,Odisha,Santula,Veg,Mixed Veg Curry,Main Course
Chilika Lake,Chilika,Odisha,Rasagola (Odisha),Veg,Sweet,Dessert
Tara Tarini Temple,Berhampur,Odisha,Manda Pitha,Veg,Steamed Dumpling,Dessert
Badaghagara Waterfall,Keonjhar,Odisha,Arisa Pitha,Veg,Rice Cake,Dessert
Chandipur Beach,Balasore,Odisha,Ghuguni,Veg,Pea Curry,Snack
Sanaghagara Waterfall,Kendujhar,Odisha,Chhena Jhili,Veg,Sweet,Dessert
Promenade Beach,Puducherry,Puducherry,Baguette Sandwiches (Franco-Tamil),Veg/Non Veg,Fusion,Snack
Paradise Beach,Puducherry,Puducherry,Samosa,Veg,"Crispy, Savory",Snack
Auroville,Auroville,Puducherry,Masala Dosa,Veg,"Crispy, Savory",Breakfast/Main
Golden Temple (Harmandir Sahib),Amritsar,Punjab,Sarson da Saag & Makki di Roti,Veg,Leafy Curry + Corn Bread,Main Course
Jallianwala Bagh,Amritsar,Punjab,Chole Bhature (Punjabi style),Veg,Chickpeas + Bread,Main Course
Wagah Border,Amritsar,Punjab,Amritsari Kulcha,Veg,Stuffed Bread,Main Course
Rock Garden,Chandigarh,Punjab,Butter Chicken (Punjabi),Non Veg,Chicken Curry,Main Course
Hawa Mahal,Jaipur,Rajasthan,Dal Baati Churma,Veg,Bread + Lentil + Sweet,Main Course
Amber Fort,Jaipur,Rajasthan,Gatte ki Sabzi,Veg,Gram Dumpling Curry,Main Course
Jaigarh Fort,Jaipur,Rajasthan,Laal Maas,Non Veg,Spicy Mutton Curry,Main Course
City Palace,Jaipur,Rajasthan,Ker Sangri,Veg,Desert Beans Stir-fry,Main Course
Albert Hall Museum,Jaipur,Rajasthan,Pyaaz Kachori,Veg,Stuffed Snack,Snack
City Palace,Udaipur,Rajasthan,Mirchi Bada,Veg,Chilli Fritter,Snack
Lake Pichola,Udaipur,Rajasthan,Mohan Maas,Non Veg,Rich Mutton Curry,Main Course
Jaisalmer Fort,Jaisalmer,Rajasthan,Bajre ki Roti & Lehsun Chutney,Veg,Bread + Chutney,Main Course
Ranthambore National Park,Sawai Madhopur,Rajasthan,Rabri (Dessert),Veg,Sweet,Dessert
Pushkar Lake,Pushkar,Rajasthan,Kalmi Vada,Veg,Fritter,Snack
Ajmer Sharif Dargah,Ajmer,Rajasthan,Ghewar,Veg,Sweet,Dessert
Mehrangarh Fort,Jodhpur,Rajasthan,Jungli Maas,Non Veg,Game Curry,Main Course
Chittorgarh Fort,Chittorgarh,Rajasthan,Moong Dal Halwa,Veg,Sweet,Dessert
Dilwara Temples,Mount Abu,Rajasthan,Bikaneri Bhujia,Veg,Snack,Snack
Junagarh Fort,Bikaner,Rajasthan,Kadhi (Rajasthani),Veg,Yogurt Curry,Main Course
Nathula Pass,Gangtok,Sikkim,Sel Roti & Aloo Dum,Veg,Nepali Snack,Snack/Breakfast
Rumtek Monastery,Gangtok,Sikkim,Momos,Veg/Non Veg,Dumplings,Snack
Baba Harbhajan Singh Temple,Gangtok,Sikkim,Samosa,Veg,"Crispy, Savory",Snack
Tsomgo Lake,Gangtok,Sikkim,Veg Thali,Veg,Varied,Main Course
Pemayangtse Monastery,Pelling,Sikkim,Momos — Special #1,Veg/Non Veg,Dumplings,Snack
Char Dham,Namchi,Sikkim,Momos — Special #2,Veg/Non Veg,Dumplings,Snack
Buddha Park,Ravangla,Sikkim,Momos — Special #3,Veg/Non Veg,Dumplings,Snack
Marina Beach,Chennai,Tamil Nadu,Kanchipuram Idli,Veg,Steamed Rice Cake,Breakfast
Meenakshi Amman Temple,Madurai,Tamil Nadu,Chettinad Chicken,Non Veg,Spicy Chicken Curry,Main Course
Ramanathaswamy Temple,Rameswaram,Tamil Nadu,Pongal (Ven Pongal),Veg,Rice-Lentil Mash,Breakfast
Vivekananda Rock Memorial,Kanyakumari,Tamil Nadu,Kothu Parotta,Non Veg,Shredded Parotta + Meat,Main Course
Ooty Lake,Ooty,Tamil Nadu,Madurai Jigarthanda,Veg,Cold Dessert Drink,Dessert
Marudamalai Temple,Coimbatore,Tamil Nadu,Filter Coffee,Veg,Beverage,Drink
Kodaikanal Lake,Kodaikanal,Tamil Nadu,Paruppu Urundai Kuzhambu,Veg,Lentil Dumpling Curry,Main Course
Brihadeeswarar Temple,Thanjavur,Tamil Nadu,Elai Sappadu,Veg,Banana Leaf Meal,Main Course
Shore Temple,Mahabalipuram,Tamil Nadu,Mushroom Pepper Fry,Veg,Dry Fry,Snack
Yercaud Lake,Yercaud,Tamil Nadu,Chilli Parotta,Veg,Street Food,Main Course
Nellaiappar Temple,Tirunelveli,Tamil Nadu,Rasam (Tomato),Veg,Soup,Starter
Nataraja Temple,Chidambaram,Tamil Nadu,Adhirasam,Veg,Sweet,Dessert
Charminar,Hyderabad,Telangana,Hyderabadi Biryani,Non Veg,Rice & Meat,Main Course
Golconda Fort,Hyderabad,Telangana,Haleem,Non Veg,Meat Porridge,Main Course
Hussain Sagar Lake,Hyderabad,Telangana,Sakinalu,Veg,Crisp Snack,Snack
Ramoji Film City,Hyderabad,Telangana,Sarva Pindi,Veg,Rice Flour Pancake,Snack
Salar Jung Museum,Hyderabad,Telangana,Kodi Kura,Non Veg,Chicken Curry,Main Course
Qutb Shahi Tombs,Hyderabad,Telangana,Lukhmi,Non Veg,Minced Meat Pastry,Snack
Birla Mandir,Hyderabad,Telangana,Bagara Baingan,Veg,Eggplant Curry,Main Course
Chowmahalla Palace,Hyderabad,Telangana,Mirchi ka Salan,Veg,Chilli Curry,Side
Nehru Zoological Park,Hyderabad,Telangana,Double ka Meetha,Veg,Bread Pudding,Dessert
Lumbini Park,Hyderabad,Telangana,Qubani ka Meetha,Veg,Apricot Dessert,Dessert
Inorbit Mall Cyberabad,Hyderabad,Telangana,Boti Kebab,Non Veg,Grilled Meat,Snack
Ujjayanta Palace,Agartala,Tripura,Mui Borok (Fermented Fish),Non Veg,Traditional,Main Course
Dumboor Lake,Dumboor,Tripura,Mui Borok (Fermented Fish) — Special #1,Non Veg,Traditional,Main Course
Unakoti Rock Carvings,Unakoti,Tripura,Mui Borok (Fermented Fish) — Special #2,Non Veg,Traditional,Main Course
Taj Mahal,Agra,Uttar Pradesh,Awadhi Biryani,Non Veg,Rice & Meat,Main Course
Agra Fort,Agra,Uttar Pradesh,Tunday Kababi Galouti,Non Veg,Minced Kebab,Snack
Kashi Vishwanath Temple,Varanasi,Uttar Pradesh,Bedhai (Bedmi) with Aloo,Veg,Breakfast Combo,Breakfast
Bara Imambara,Lucknow,Uttar Pradesh,Galouti Kebab,Non Veg,Meat Stew,Main Course
Phoenix Palassio,Lucknow,Uttar Pradesh,Kulcha Nihari (Lucknow),Non Veg,Bread + Stew,Main Course
Krishna Janmabhoomi,Mathura,Uttar Pradesh,Peda (Mathura),Veg,Sweet,Dessert
Nand Gaon,Mathura,Uttar Pradesh,Ghevar,Veg,Sweet,Dessert
Barsana Mandir,Mathura,Uttar Pradesh,Malpua,Veg,Sweet,Dessert
Ram Janmabhoomi,Ayodhya,Uttar Pradesh,Kebabs (Kakori/Seekh),Non Veg,Grilled Meat,Snack
Banke Bihari Temple,Vrindavan,Uttar Pradesh,Kheer,Veg,Sweet,Dessert
Prem Mandir,Vrindavan,Uttar Pradesh,Banarasi Paan,Veg,Digestive,After Meal
Triveni Sangam,Allahabad,Uttar Pradesh,Bedhai Jalebi (Agra),Veg,Breakfast + Sweet,Breakfast
Jhansi Fort,Jhansi,Uttar Pradesh,Khasta Kachori,Veg,Snack,Snack
Dhamek Stupa,Sarnath,Uttar Pradesh,Sheermal,Veg,Saffron Bread,Side
Buland Darwaza,Fatehpur Sikri,Uttar Pradesh,Basket Chaat,Veg,Street Snack,Snack
Okhla Bird Sanctuary,Noida,Uttar Pradesh,Kulfi Falooda,Veg,Dessert,Dessert
DLF Mall of India,Noida,Uttar Pradesh,Imarti,Veg,Sweet,Dessert
Aligarh Fort,Aligarh,Uttar Pradesh,Laal Peda,Veg,Sweet,Dessert
Augarnath Temple,Meerut,Uttar Pradesh,Ras Malai,Veg,Sweet,Dessert
Allen Forest Zoo,Kanpur,Uttar Pradesh,Batti Chokha (Eastern UP),Veg,Rustic Meal,Main Course
Kirti Mandir,Porbandar,Uttar Pradesh,Malaiyo (Winter Varanasi),Veg,Foamy Dessert,Dessert
The Grand Venice Mall,Greater Noida,Uttar Pradesh,Baati (Varieties),Veg,Bread,Main Course
Buddh International Circuit,Greater Noida,Uttar Pradesh,Kulhad Chai,Veg,Tea,Drink
Ghats of Varanasi (Dashashwamedh Ghat),Varanasi,Uttar Pradesh,Puri Sabzi (Banaras),Veg,Breakfast,Breakfast
Naini Lake,Nainital,Uttarakhand,Kafuli,Veg,Spinach Curry,Main Course
Laxman Jhula,Rishikesh,Uttarakhand,Bhatt ki Churdkani,Veg,Black Soybean Curry,Main Course
Har Ki Pauri,Haridwar,Uttarakhand,Aloo Ke Gutke,Veg,Spiced Potato,Snack
Robber's Cave,Dehradun,Uttarakhand,Gahat (Kulath) Soup,Veg,Soup,Starter
Kempty Falls,Mussoorie,Uttarakhand,Chainsoo,Veg,Black Gram Curry,Main Course
Auli Ski Resort,Auli,Uttarakhand,Phaanu,Veg,Mixed Lentil Curry,Main Course
Badrinath Temple,Badrinath,Uttarakhand,Singori,Veg,Sweet,Dessert
Binsar Wildlife Sanctuary,Almora,Uttarakhand,Arsa,Veg,Sweet,Dessert
Chaubatia Gardens,Ranikhet,Uttarakhand,Jhangora ki Kheer,Veg,Millet Pudding,Dessert
Jim Corbett National Park,Jim Corbett,Uttarakhand,Bhang ki Chutney,Veg,Chutney,Side
Gangotri Temple,Uttarkashi,Uttarakhand,Garhwal Ka Fannah,Veg,Lentil Dish,Main Course
Tungnath Temple,Chopta,Uttarakhand,Bal Mithai,Veg,Sweet,Dessert
Valley of Flowers,Joshimath,Uttarakhand,Ras (Kumaoni),Veg,Lentil Soup,Starter
Kedarnath,Kedarnath,Uttarakhand,Urad Ke Pakode,Veg,Fritter,Snack
Victoria Memorial,Kolkata,West Bengal,Kosha Mangsho,Non Veg,Mutton Curry,Main Course
Howrah Bridge,Kolkata,West Bengal,Shorshe Ilish,Non Veg,Hilsa in Mustard,Main Course
Indian Museum,Kolkata,West Bengal,Chingri Malai Curry,Non Veg,Prawn Coconut Curry,Main Course
Dakshineswar Kali Temple,Kolkata,West Bengal,Alur Dom Luchi,Veg,Potato + Fried Bread,Main Course
Kalighat Kali Temple,Kolkata,West Bengal,Bhetki Paturi,Non Veg,Fish in Banana Leaf,Main Course
Eden Gardens,Kolkata,West Bengal,Kathi Roll,Non Veg,Street Roll,Snack
Alipore Zoological Gardens,Kolkata,West Bengal,Ghugni,Veg,Yellow Pea Curry,Snack
Science City Kolkata,Kolkata,West Bengal,Macher Jhol,Non Veg,Fish Curry,Main Course
Belur Math,Kolkata,West Bengal,Aloo Posto,Veg,Poppy Potato,Main Course
Marble Palace,Kolkata,West Bengal,Bengali Mishti Doi,Veg,Curd Dessert,Dessert
Tiger Hill,Darjeeling,West Bengal,Rosogolla,Veg,Sweet,Dessert
Jaldapara National Park,Siliguri,West Bengal,Sandesh,Veg,Sweet,Dessert
Sundarbans National Park,Sundarbans,West Bengal,Patishapta,Veg,Crepe Sweet,Dessert
Digha Beach,Digha,West Bengal,Beguni,Veg,Brinjal Fritter,Snack
Hazarduari Palace,Murshidabad,West Bengal,Mochar Ghonto,Veg,Banana Blossom Curry,Main Course
Kankalitala Temple,Bolpur,West Bengal,Bok Phool Bhaja,Veg,Fried Flowers,Snack
Hangseswari Temple,Hooghly,West Bengal,Mishti Pulao,Veg,Sweet Rice,Main Course
Gorumara National Park,Jalpaiguri,West Bengal,Dab Chingri,Non Veg,Prawn in Coconut,Main Course
Cooch Behar Palace,Cooch Behar,West Bengal,Mutton Kasha,Non Veg,Mutton Curry,Main Course
Ayodhya Hills,Purulia,West Bengal,Pabda Shorshe,Non Veg,Fish Mustard Curry,Main Course
